"","plot_ID","azimuth","species","diam_cm","decay_class","X"
"27","BRSPunh1",0,"UNK",14.9,2,""
"28","BRSPunh1",0,"UNK",13.6,3,""
"29","BRSPunh1",120,"UNK",10,3,""
"30","BRSPunh1",120,"FRAM",7.9,2,""
"31","BRSPunh1",120,"FRAM",6.9,2,""
"32","BRSPunh1",240,"FRAM",7.5,2,""
"33","BRSPunh1",240,"FRAM",7.4,2,""
"34","BRSPunh2",0,"QURU",36.3,1,""
"35","BRSPunh2",120,"UNK",24.5,4,""
"36","BRSPunh2",120,"QURU",41.4,1,""
"37","BRSPunh2",240,"UNK",12.1,3,""
"38","BRSPunh2",240,"UNK",20.4,3,""
"39","BRSPunh2",240,"FRAM",5,1,""
"40","BRSPunh2",240,"ACRU",4.1,1,""
"41","BRSPunh2",240,"ACRU",3.8,1,""
"42","BRSPunh2",240,"ACRU",3.9,1,""
"43","BRSPunh2",240,"ACRU",2.9,1,""
"44","BRSPunh2",240,"UNK",19,3,""
"45","BRSPunh2",240,"ACRU",2.7,1,""
"46","BRSPunh2",240,"UNK",7.3,2,""
"47","BRSPunh2",240,"UNK",15.2,3,""
"48","BRSPunh2",240,"ACRU",2.6,1,""
"49","BRSPunh3",0,"UNK",16.9,4,""
"50","BRSPunh3",0,"UNK",7.8,4,""
"51","BRSPunh3",0,"QURU",29.9,2,""
"52","BRSPunh3",120,"UNK",10,4,""
"53","BRSPunh3",120,"UNK",13.8,4,""
"54","BRSPunh3",120,"UNK",9.8,3,""
"55","BRSPunh3",240,"UNK",9.7,3,""
"56","BRSPunh4",0,"UNK",9.6,5,""
"57","BRSPunh4",240,"UNK",7,2,""
"NA",NA,NA,NA,NA,NA,NA
"1181","OMSFCRgap1",0,"FRAM",9.5,1,""
"1182","OMSFCRgap1",0,"UNK",7.1,1,""
"1183","OMSFCRgap1",0,"UNK",10.4,2,""
"1184","OMSFCRgap1",0,"FRAM",13.4,2,""
"1185","OMSFCRgap1",0,"UNK",8.2,1,""
"1186","OMSFCRgap1",0,"ACSP",9.5,2,""
"1187","OMSFCRgap1",0,"FRAM",7.6,1,""
"1188","OMSFCRgap1",0,"ABBA",15,1,""
"1189","OMSFCRgap1",120,"UNK",21.1,3,""
"1190","OMSFCRgap1",120,"UNK",16,2,""
"1191","OMSFCRgap1",120,"UNK",8.9,2,""
"1192","OMSFCRgap1",120,"ABBA",18.9,1,""
"1193","OMSFCRgap1",120,"FRAM",5.5,1,""
"1194","OMSFCRgap1",120,"UNK",10.4,1,""
"1195","OMSFCRgap1",240,"UNK",12.5,3,""
"1196","OMSFCRgap1",240,"UNK",3.3,1,""
"1197","OMSFCRgap1",240,"UNK",13.9,2,""
"1198","OMSFCRgap1",240,"ABBA",7.4,1,""
"1199","OMSFCRgap1",240,"UNK",2.8,1,""
"1200","OMSFCRgap1",240,"FRAM",9.4,1,""
"1201","OMSFCRgap2",0,"FRAM",15.9,1,""
"1202","OMSFCRgap2",0,"FRAM",3.1,1,""
"1203","OMSFCRgap2",0,"FRAM",6.8,1,""
"1204","OMSFCRgap2",0,"FRAM",9.5,1,""
"1205","OMSFCRgap2",0,"FRAM",11.2,1,""
"1206","OMSFCRgap2",0,"UNK",10.6,2,""
"1207","OMSFCRgap2",0,"FRAM",9.1,1,""
"1208","OMSFCRgap2",0,"FRAM",13.2,2,""
"1209","OMSFCRgap2",0,"FRAM",6.6,1,""
"1210","OMSFCRgap2",0,"UNK",7.1,1,""
"1211","OMSFCRgap2",0,"FRAM",22.5,1,""
"1212","OMSFCRgap2",0,"PRSE",8.3,1,""
"1213","OMSFCRgap2",120,"FRAM",21.6,1,""
"1214","OMSFCRgap2",120,"UNK",27.1,3,""
"1215","OMSFCRgap2",120,"FRAM",60.1,1,""
"1216","OMSFCRgap2",120,"UNK",15.9,2,""
"1217","OMSFCRgap2",120,"FRAM",44.6,1,""
"1218","OMSFCRgap2",120,"PRSE",3.4,1,""
"1219","OMSFCRgap2",240,"BENI",4.1,1,""
"1220","OMSFCRgap2",240,"UNK",26.8,3,""
"1221","OMSFCRgap2",240,"PRSE",3.3,1,""
"1222","OMSFCRgap2",240,"UNK",32.5,3,""
"1223","OMSFCRgap2",240,"UNK",12.4,2,""
"1224","OMSFCRgap2",240,"BENI",2.2,1,""
"1225","OMSFCRgap2",240,"BENI",3.6,1,""
"1226","OMSFCRgap2",240,"PRSE",7.1,2,""
"1227","OMSFCRgap2",240,"UNK",14.7,3,""
"1228","OMSFCRgap2",240,"FRAM",12.1,1,""
"1229","OMSFCRgap3",0,"UNK",8.2,2,""
"1230","OMSFCRgap3",0,"ACSA",4,1,""
"1231","OMSFCRgap3",0,"FRAM",5.4,1,""
"1232","OMSFCRgap3",0,"FRAM",9.3,1,""
"1233","OMSFCRgap3",0,"ACPE",3.2,1,""
"1234","OMSFCRgap3",0,"ACPE",4.9,1,""
"1235","OMSFCRgap3",0,"ACSA",2,1,""
"1236","OMSFCRgap3",0,"ACSA",2.3,1,""
"1237","OMSFCRgap3",0,"FRAM",14.7,2,""
"1238","OMSFCRgap3",120,"UNK",16,4,""
"1239","OMSFCRgap3",120,"PRSE",20.9,1,""
"1240","OMSFCRgap3",120,"ACPE",6.9,2,""
"1241","OMSFCRgap3",120,"FRAM",2.7,1,""
"1242","OMSFCRgap3",120,"FRAM",6,1,""
"1243","OMSFCRgap3",120,"FRAM",10.2,2,""
"1244","OMSFCRgap3",120,"UNK",8.5,1,""
"1245","OMSFCRgap3",120,"FRAM",10.2,1,""
"1246","OMSFCRgap3",120,"ACRU",17.1,1,""
"1247","OMSFCRgap3",120,"UNK",8.9,1,""
"1248","OMSFCRgap3",120,"ACSA",11.7,1,""
"1249","OMSFCRgap3",240,"FRAM",9.7,1,""
"1250","OMSFCRgap3",240,"ACSA",4.9,1,""
"1251","OMSFCRgap3",240,"FRAM",2.7,1,""
"1252","OMSFCRgap3",240,"FRAM",2.3,1,""
"1253","OMSFCRgap3",240,"ACSA",5.2,1,""
"1254","OMSFCRgap3",240,"ACPE",8.1,1,""
"1255","OMSFCRgap3",240,"FRAM",16.6,2,""
"1256","OMSFCRgap3",240,"FRAM",3.2,1,""
"1257","OMSFCRgap3",240,"FRAM",8.2,2,""
"1258","OMSFCRgap3",240,"FRAM",17.3,2,""
"1259","OMSFCRmat1",0,"UNK",6.2,2,""
"1260","OMSFCRmat1",0,"FRAM",7.4,1,""
"1261","OMSFCRmat1",120,"UNK",10.7,3,""
"1262","OMSFCRmat1",120,"ABBA",9.9,2,""
"1263","OMSFCRmat1",120,"ABBA",3.2,2,""
"1264","OMSFCRmat1",120,"UNK",13.6,3,""
"1265","OMSFCRmat1",120,"PISP",6,1,"spruce"
"1266","OMSFCRmat1",120,"UNK",11.7,3,""
"1267","OMSFCRmat1",240,"ABBA",5.6,1,""
"1268","OMSFCRmat2",120,"UNK",2.7,1,""
"1269","OMSFCRmat2",120,"UNK",8.3,3,""
"1270","OMSFCRmat2",120,"UNK",10.1,3,""
"1271","OMSFCRmat2",240,"FRAM",7.1,2,""
"1272","OMSFCRmat2",240,"UNK",7.8,2,""
"1273","OMSFCRmat2",240,"FRAM",1.9,1,""
"1274","OMSFCRmat2",240,"FRAM",4.2,1,""
"1275","OMSFCRmat2",240,"FRAM",2.1,1,""
"1276","OMSFCRmat3",240,"UNK",5.2,2,""
"1277","OMSFCRmat3",240,"UNK",11.2,3,""
"1278","OMSFCRmat3",240,"UNK",3.4,2,""
"1279","OMSFHRgap1",0,"UNK",16.2,2,""
"1280","OMSFHRgap1",0,"ACRU",10.1,2,""
"1281","OMSFHRgap1",0,"ACRU",7.5,1,""
"1282","OMSFHRgap1",0,"UNK",17.7,2,""
"1283","OMSFHRgap1",0,"UNK",8.1,2,""
"1284","OMSFHRgap1",0,"FAGR",6.3,1,""
"1285","OMSFHRgap1",0,"ACRU",3.9,2,""
"1286","OMSFHRgap1",0,"ACRU",3.8,2,""
"1287","OMSFHRgap1",0,"UNK",6.1,2,""
"1288","OMSFHRgap1",0,"ACRU",5.2,1,""
"1289","OMSFHRgap1",0,"ACRU",15.5,1,""
"1290","OMSFHRgap1",0,"FRAM",35.5,2,""
"1291","OMSFHRgap1",0,"UNK",8.4,2,""
"1292","OMSFHRgap1",0,"ACRU",13.1,1,""
"1293","OMSFHRgap1",0,"QURU",21.1,1,""
"1294","OMSFHRgap1",0,"QURU",12.8,2,""
"1295","OMSFHRgap1",0,"ACRU",8.6,1,""
"1296","OMSFHRgap1",0,"UNK",12.5,3,""
"1297","OMSFHRgap1",0,"QURU",7.6,1,""
"1298","OMSFHRgap1",0,"QURU",7.5,1,""
"1299","OMSFHRgap1",0,"QURU",11.7,1,""
"1300","OMSFHRgap1",0,"QURU",8.6,1,""
"1301","OMSFHRgap1",0,"QURU",11.6,1,""
"1302","OMSFHRgap1",0,"UNK",8.1,2,""
"1303","OMSFHRgap1",120,"UNK",13.1,2,""
"1304","OMSFHRgap1",120,"ACRU",17.2,2,""
"1305","OMSFHRgap1",120,"ACRU",7.8,1,""
"1306","OMSFHRgap1",120,"UNK",5.6,2,""
"1307","OMSFHRgap1",120,"QURU",13.4,1,""
"1308","OMSFHRgap1",120,"UNK",17.2,2,""
"1309","OMSFHRgap1",120,"QURU",11.1,1,""
"1310","OMSFHRgap1",240,"BEAL",24.4,1,""
"1311","OMSFHRgap1",240,"FAGR",16,2,""
"1312","OMSFHRgap1",240,"FAGR",9.1,2,""
"1313","OMSFHRgap1",240,"FAGR",3.9,2,""
"1314","OMSFHRgap1",240,"ACRU",13.9,2,""
"1315","OMSFHRgap1",240,"FRAM",5.1,1,""
"1316","OMSFHRgap1",240,"FRAM",3,1,""
"1317","OMSFHRgap1",240,"FRAM",2.1,1,""
"1318","OMSFHRgap1",240,"FRAM",2.4,1,""
"1319","OMSFHRgap1",240,"FRAM",2.6,1,""
"1320","OMSFHRgap1",240,"FRAM",2.7,1,""
"1321","OMSFHRgap1",240,"FRAM",2.8,1,""
"1322","OMSFHRgap1",240,"UNK",12.3,3,""
"1323","OMSFHRgap1",240,"UNK",13.1,3,""
"1324","OMSFHRgap2",0,"UNK",11.5,2,""
"1325","OMSFHRgap2",0,"UNK",17.3,2,""
"1326","OMSFHRgap2",0,"UNK",9,2,""
"1327","OMSFHRgap2",0,"QURU",12.2,2,""
"1328","OMSFHRgap2",0,"QURU",9.8,2,""
"1329","OMSFHRgap2",0,"UNK",11.7,2,""
"1330","OMSFHRgap2",0,"FAGR",9.1,2,""
"1331","OMSFHRgap2",0,"BEAL",9.7,2,""
"1332","OMSFHRgap2",0,"ACRU",20,2,""
"1333","OMSFHRgap2",120,"FAGR",4.2,1,""
"1334","OMSFHRgap2",120,"UNK",8.9,2,""
"1335","OMSFHRgap2",120,"UNK",6.6,2,""
"1336","OMSFHRgap2",120,"UNK",6.1,2,""
"1337","OMSFHRgap2",120,"ACRU",3.9,1,""
"1338","OMSFHRgap2",120,"FAGR",7.5,2,""
"1339","OMSFHRgap2",120,"FAGR",3.3,1,""
"1340","OMSFHRgap2",120,"UNK",7.3,2,""
"1341","OMSFHRgap2",120,"UNK",9.9,2,""
"1342","OMSFHRgap2",120,"UNK",7.2,2,""
"1343","OMSFHRgap2",120,"ACRU",9,1,""
"1344","OMSFHRgap2",120,"UNK",8.6,2,""
"1345","OMSFHRgap2",120,"UNK",6.5,2,""
"1346","OMSFHRgap2",120,"FAGR",9.1,2,""
"1347","OMSFHRgap2",240,"ACRU",13.1,2,""
"1348","OMSFHRgap2",240,"ACRU",16.3,1,""
"1349","OMSFHRgap2",240,"UNK",7.6,2,""
"1350","OMSFHRgap2",240,"UNK",8.4,2,""
"1351","OMSFHRgap2",240,"UNK",8.9,2,""
"1352","OMSFHRgap2",240,"QURU",18.6,1,""
"1353","OMSFHRgap3",0,"QURU",13.4,2,""
"1354","OMSFHRgap3",0,"UNK",9.1,2,""
"1355","OMSFHRgap3",0,"UNK",7.8,2,""
"1356","OMSFHRgap3",0,"UNK",8.9,2,""
"1357","OMSFHRgap3",0,"UNK",22.1,4,""
"1358","OMSFHRgap3",0,"ACRU",14.9,2,""
"1359","OMSFHRgap3",240,"FAGR",8.7,1,""
"1360","OMSFHRgap3",240,"FAGR",9.8,1,""
"1361","OMSFHRgap3",240,"FAGR",9.1,2,""
"1362","OMSFHRgap3",240,"UNK",14.3,2,""
"1363","OMSFHRgap3",240,"FAGR",8.7,2,""
"1364","OMSFHRgap3",120,"UNK",14.3,2,""
"1365","OMSFHRgap3",120,"UNK",10,3,""
"1366","OMSFHRgap3",120,"UNK",12.5,2,""
"1367","OMSFHRgap3",120,"ACRU",15.4,2,""
"1368","OMSFHRgap3",120,"ACRU",12.6,2,""
"1369","OMSFHRgap3",120,"ACRU",7.5,2,""
"1370","OMSFHRgap3",120,"FRAM",18.4,3,""
"1371","OMSFHRgap3",120,"ACRU",14.6,2,""
"1372","OMSFHRgap3",120,"ACRU",15.2,2,""
"1373","OMSFHRgap3",120,"FAGR",12.2,2,""
"1374","OMSFHRgap3",120,"UNK",19.3,2,""
"1375","OMSFHRgap3",120,"BEAL",8.2,2,""
"1376","OMSFHRgap3",120,"ACRU",7,1,""
"1377","OMSFHRmat1",0,"ACRU",10.4,3,""
"1378","OMSFHRmat1",0,"UNK",5.5,3,""
"1379","OMSFHRmat1",0,"UNK",4,3,""
"1380","OMSFHRmat1",0,"ACRU",16.6,2,""
"1381","OMSFHRmat1",120,"QURU",10.1,1,""
"1382","OMSFHRmat1",120,"ACRU",9.8,1,""
"1383","OMSFHRmat1",120,"QURU",13.5,1,""
"1384","OMSFHRmat1",120,"UNK",9.8,3,""
"1385","OMSFHRmat1",120,"ACRU",10.5,1,""
"1386","OMSFHRmat1",120,"FAGR",25.1,1,""
"1387","OMSFHRmat1",240,"FAGR",7.1,1,""
"1388","OMSFHRmat1",240,"ACRU",8.7,2,""
"1389","OMSFHRmat1",240,"FAGR",10.7,2,""
"1390","OMSFHRmat1",240,"FAGR",14.5,3,""
"1391","OMSFHRmat2",240,"UNK",17.3,2,""
"1392","OMSFHRmat2",240,"FAGR",10.6,2,""
"1393","OMSFHRmat2",240,"FAGR",3.6,2,""
"1394","OMSFHRmat2",240,"FAGR",8.7,2,""
"1395","OMSFHRmat2",240,"FAGR",9.4,2,""
"1396","OMSFHRmat2",0,"ACRU",2.5,2,""
"1397","OMSFHRmat2",0,"ACRU",5.5,2,""
"1398","OMSFHRmat2",0,"ACRU",10.3,2,""
"1399","OMSFHRmat2",0,"ACRU",4.6,2,""
"1400","OMSFHRmat2",0,"UNK",5.7,2,""
"1401","OMSFHRmat2",0,"FAGR",8.5,2,""
"1402","OMSFHRmat2",120,"ACRU",9.8,2,""
"1403","OMSFHRmat2",120,"ACRU",7.3,2,""
"1404","OMSFHRmat2",120,"FAGR",19.7,2,""
"1405","OMSFHRmat2",120,"ACRU",10.6,2,""
"1406","OMSFHRmat2",120,"FAGR",19.5,2,""
"1407","OMSFHRmat2",120,"FAGR",3.5,2,""
"1408","OMSFHRmat2",120,"FAGR",8.1,2,""
"1409","OMSFHRmat2",120,"FAGR",3.3,2,""
"1410","OMSFHRmat2",120,"FAGR",9.4,2,""
"1411","OMSFHRmat3",120,"UNK",6,3,""
"1412","OMSFHRmat3",120,"UNK",3.2,2,""
"1413","OMSFHRmat3",120,"UNK",30.9,3,""
"1414","OMSFHRmat3",120,"UNK",15.8,3,""
"1415","OMSFHRmat3",120,"UNK",9.1,3,""
"1416","OMSFHRmat3",0,"FAGR",5.2,2,""
"1417","OMSFHRmat3",0,"FAGR",4.2,3,""
"1418","OMSFHRmat3",0,"ACPE",13.2,2,""
"1419","OMSFSCHgap1",0,"FRAM",18.5,2,""
"1420","OMSFSCHgap1",0,"FRAM",14.7,2,""
"1421","OMSFSCHgap1",0,"FRAM",12.6,2,""
"1422","OMSFSCHgap1",0,"UNK",4.4,2,""
"1423","OMSFSCHgap1",120,"ACRU",2.7,2,""
"1424","OMSFSCHgap1",120,"ACRU",4.7,2,""
"1425","OMSFSCHgap1",240,"BEAL",7.3,2,""
"1426","OMSFSCHgap1",240,"FRAM",12.7,1,""
"1427","OMSFSCHgap1",240,"UNK",5,2,""
"1428","OMSFSCHgap1",240,"UNK",13.7,2,""
"1429","OMSFSCHgap1",240,"UNK",11.8,3,""
"1430","OMSFSCHgap1",240,"FRAM",23,1,""
"1431","OMSFSCHgap1",240,"FRAM",12.3,1,""
"1432","OMSFSCHgap1",240,"FRAM",3.8,2,""
"1433","OMSFSCHgap2",0,"UNK",10.9,2,""
"1434","OMSFSCHgap2",120,"UNK",4.2,3,""
"1435","OMSFSCHgap2",240,"UNK",19.9,3,""
"1436","OMSFSCHgap2",240,"UNK",31.4,3,""
"1437","OMSFSCHgap3",0,"UNK",5,2,""
"1438","OMSFSCHgap3",120,"UNK",12.4,2,""
"1439","OMSFSCHgap3",120,"UNK",4.5,2,""
"1440","OMSFSCHgap3",120,"UNK",10.7,2,""
"1441","OMSFSCHgap3",120,"UNK",31.3,2,""
"1442","OMSFSCHgap3",120,"UNK",33.2,2,""
"1443","OMSFSCHgap3",240,"UNK",16.4,2,""
"1444","OMSFSCHgap3",240,"UNK",5.7,3,""
"1445","OMSFSCHgap3",240,"UNK",4.2,2,""
"1446","OMSFSCHgap3",240,"UNK",16.5,3,""
"1447","OMSFSCHgap3",240,"UNK",20.3,2,""
"1448","OMSFSCHmat1",120,"FRAM",3.3,2,""
"1449","OMSFSCHmat1",120,"FRAM",13.7,1,""
"1450","OMSFSCHmat1",120,"UNK",11.5,3,""
"1451","OMSFSCHmat1",120,"FRAM",3,2,""
"1452","OMSFSCHmat1",120,"FRAM",9.9,1,""
"1453","OMSFSCHmat1",120,"FRAM",6,1,""
"1454","OMSFSCHmat1",120,"UNK",7.2,2,""
"1455","OMSFSCHmat1",0,"UNK",3.2,2,""
"1456","OMSFSCHmat1",0,"UNK",2.6,2,""
"1457","OMSFSCHmat1",0,"UNK",1.2,2,""
"1458","OMSFSCHmat1",0,"ACSA",7.7,2,""
"1459","OMSFSCHmat1",0,"UNK",6.3,4,""
"1460","OMSFSCHmat1",240,"UNK",9.5,2,""
"1461","OMSFSCHmat2",0,"FRAM",14.7,3,""
"1462","OMSFSCHmat2",120,"UNK",10.3,3,""
"1463","OMSFSCHmat2",120,"FRAM",18.8,2,""
"1464","OMSFSCHmat2",120,"FRAM",2.1,2,""
"1465","OMSFSCHmat2",120,"FRAM",11.9,1,""
"1466","OMSFSCHmat2",120,"FRAM",9.4,3,""
"1467","OMSFSCHmat2",120,"UNK",11.5,2,""
"1468","OMSFSCHmat2",120,"UNK",7.7,3,""
"1469","OMSFSCHmat3",0,"UNK",8.4,3,""
"1470","OMSFSCHmat3",0,"UNK",25.9,3,""
"1471","OMSFSCHmat3",0,"UNK",7.7,3,""
"1472","OMSFSCHmat3",0,"FRAM",15.2,2,""
"1473","OMSFSCHmat3",120,"FRAM",9.8,2,""
"1474","OMSFSCHmat3",120,"FRAM",7.8,2,""
"1475","OMSFSCHmat3",240,"ACSA",5,2,""
"1476","OMSFSCHmat3",240,"FRAM",13.4,1,""
"1477","OMSFSCHmat3",240,"UNK",5.1,2,""
"1478","OMSFSCHmat3",240,"UNK",3.7,2,""
"1479","OMSFSCHmat3",240,"UNK",3.8,2,""
"1480","OMSFSH14gap1",0,"UNK",10,2,""
"1481","OMSFSH14gap1",0,"UNK",8.3,2,""
"1482","OMSFSH14gap1",120,"UNK",13.9,3,""
"1483","OMSFSH14gap1",120,"UNK",7.5,3,""
"1484","OMSFSH14gap1",120,"UNK",6.7,2,""
"1485","OMSFSH14gap1",120,"UNK",14,2,""
"1486","OMSFSH14gap1",240,"UNK",15.9,3,""
"1487","OMSFSH14gap1",240,"UNK",19.2,2,""
"1488","OMSFSH14gap1",240,"UNK",20,2,""
"1489","OMSFSH14gap1",240,"ACSP",7.6,2,""
"1490","OMSFSH14gap1",240,"UNK",26.1,2,""
"1491","OMSFSH14gap1",240,"UNK",7,3,""
"1492","OMSFSH14gap2",0,"UNK",10.4,2,""
"1493","OMSFSH14gap2",0,"UNK",10.3,3,""
"1494","OMSFSH14gap2",0,"UNK",7,3,""
"1495","OMSFSH14gap2",0,"UNK",13.7,2,""
"1496","OMSFSH14gap2",0,"UNK",16.8,2,""
"1497","OMSFSH14gap2",0,"UNK",16,2,""
"1498","OMSFSH14gap2",120,"UNK",10.9,2,""
"1499","OMSFSH14gap2",120,"UNK",19,2,""
"1500","OMSFSH14gap2",120,"UNK",9.2,3,""
"1501","OMSFSH14gap2",120,"UNK",10.8,3,""
"1502","OMSFSH14gap2",120,"UNK",10.6,2,""
"1503","OMSFSH14gap2",120,"UNK",9.4,2,""
"1504","OMSFSH14gap2",120,"UNK",10.8,2,""
"1505","OMSFSH14gap2",120,"UNK",18.7,2,""
"1506","OMSFSH14gap2",240,"UNK",13.7,2,""
"1507","OMSFSH14gap2",240,"UNK",10.4,2,""
"1508","OMSFSH14gap3",0,"UNK",14,3,""
"1509","OMSFSH14gap3",120,"UNK",14,2,""
"1510","OMSFSH14gap3",120,"UNK",7.5,3,""
"1511","OMSFSH14gap3",120,"UNK",10.3,3,""
"1512","OMSFSH14gap3",240,"FAGR",26.8,3,""
"1513","OMSFSH14gap3",240,"UNK",29.1,2,""
"1514","OMSFSH14mat1",120,"FRAM",5,2,""
"1515","OMSFSH14mat1",120,"UNK",13.2,2,""
"1516","OMSFSH14mat1",120,"FAGR",4.6,2,""
"1517","OMSFSH14mat1",240,"FRAM",16.3,3,""
"1518","OMSFSH14mat2",0,"UNK",5.2,2,""
"1519","OMSFSH14mat2",0,"BEAL",2,1,""
"1520","OMSFSH14mat2",0,"UNK",7.6,2,""
"1521","OMSFSH14mat2",120,"FRAM",24,1,""
"1522","OMSFSH14mat2",120,"FAGR",6.3,2,""
"1523","OMSFSH14mat2",120,"FAGR",11.7,2,""
"1524","OMSFSH14mat2",240,"FRAM",44.7,3,""
"1525","OMSFSH14mat3",120,"FAGR",9.1,3,""
"1526","OMSFSH14mat3",120,"ACSA",28.7,2,""
"1527","OMSFSH14mat3",240,"FAGR",15.6,2,""
"1528","OMSFSH17gap1",0,"FAGR",3.5,2,""
"1529","OMSFSH17gap1",0,"FAGR",17.8,1,""
"1530","OMSFSH17gap1",0,"FAGR",10.9,2,""
"1531","OMSFSH17gap1",0,"PISP",6.1,1,""
"1532","OMSFSH17gap1",0,"BEAL",5.1,1,""
"1533","OMSFSH17gap1",0,"BEAL",9.7,1,""
"1534","OMSFSH17gap1",0,"FAGR",9.6,1,""
"1535","OMSFSH17gap1",0,"FAGR",16.8,1,""
"1536","OMSFSH17gap1",0,"FAGR",19.6,1,""
"1537","OMSFSH17gap1",120,"FAGR",6.9,2,""
"1538","OMSFSH17gap1",120,"FAGR",5.6,2,""
"1539","OMSFSH17gap1",120,"FAGR",8,1,""
"1540","OMSFSH17gap1",120,"FAGR",12.3,2,""
"1541","OMSFSH17gap1",120,"FAGR",8.1,2,""
"1542","OMSFSH17gap1",120,"FAGR",9,2,""
"1543","OMSFSH17gap1",120,"FAGR",9,2,""
"1544","OMSFSH17gap1",120,"FAGR",8.3,2,""
"1545","OMSFSH17gap1",120,"FAGR",9.3,1,""
"1546","OMSFSH17gap1",120,"FAGR",7,2,""
"1547","OMSFSH17gap1",120,"FAGR",26.8,2,""
"1548","OMSFSH17gap1",120,"FAGR",6,2,""
"1549","OMSFSH17gap1",120,"FAGR",4.6,2,""
"1550","OMSFSH17gap1",120,"FAGR",2,1,""
"1551","OMSFSH17gap1",120,"FAGR",2.1,1,""
"1552","OMSFSH17gap1",120,"FAGR",3,1,""
"1553","OMSFSH17gap1",120,"FAGR",13.2,2,""
"1554","OMSFSH17gap1",120,"FAGR",9.7,2,""
"1555","OMSFSH17gap1",120,"FAGR",26.4,2,""
"1556","OMSFSH17gap1",120,"FAGR",25.3,2,""
"1557","OMSFSH17gap1",120,"FAGR",3,1,""
"1558","OMSFSH17gap1",120,"FAGR",4.2,1,""
"1559","OMSFSH17gap1",120,"FAGR",3,1,""
"1560","OMSFSH17gap1",120,"FAGR",14.6,1,""
"1561","OMSFSH17gap1",240,"FAGR",2.3,1,""
"1562","OMSFSH17gap1",240,"ACSA",35.2,1,""
"1563","OMSFSH17gap1",240,"ACSP",10.8,2,""
"1564","OMSFSH17gap1",240,"FAGR",5.3,2,""
"1565","OMSFSH17gap1",240,"FAGR",6.3,2,""
"1566","OMSFSH17gap1",240,"FAGR",7.6,1,""
"1567","OMSFSH17gap1",240,"BEAL",2.4,2,""
"1568","OMSFSH17gap1",240,"FAGR",4.5,1,""
"1569","OMSFSH17gap1",240,"FAGR",8.7,2,""
"1570","OMSFSH17gap1",240,"BEAL",14.2,2,""
"1571","OMSFSH17gap1",240,"BEAL",17,2,""
"1572","OMSFSH17gap1",240,"FAGR",6.9,1,""
"1573","OMSFSH17gap1",240,"FAGR",8.3,2,""
"1574","OMSFSH17gap1",240,"FAGR",5.6,1,""
"1575","OMSFSH17gap1",240,"FAGR",41.6,1,""
"1576","OMSFSH17gap2",0,"FRAM",35.1,2,""
"1577","OMSFSH17gap2",0,"UNK",7.7,2,""
"1578","OMSFSH17gap2",0,"UNK",7.6,2,""
"1579","OMSFSH17gap2",120,"FRAM",10,2,""
"1580","OMSFSH17gap2",120,"FAGR",8.5,1,""
"1581","OMSFSH17gap2",120,"FAGR",5.6,2,""
"1582","OMSFSH17gap2",120,"FAGR",9.9,2,""
"1583","OMSFSH17gap2",120,"FAGR",5.9,2,""
"1584","OMSFSH17gap2",120,"FAGR",19.6,1,""
"1585","OMSFSH17gap2",120,"FAGR",7.3,1,""
"1586","OMSFSH17gap2",120,"FAGR",5.7,1,""
"1587","OMSFSH17gap2",120,"FAGR",4.7,1,""
"1588","OMSFSH17gap2",120,"FAGR",5.2,1,""
"1589","OMSFSH17gap2",120,"ACPE",8.2,2,""
"1590","OMSFSH17gap2",120,"FAGR",10,2,""
"1591","OMSFSH17gap2",120,"FAGR",8.3,1,""
"1592","OMSFSH17gap2",120,"FAGR",5.3,1,""
"1593","OMSFSH17gap2",120,"FAGR",3,1,""
"1594","OMSFSH17gap2",120,"FRAM",4.3,1,""
"1595","OMSFSH17gap2",120,"FRAM",3.2,1,""
"1596","OMSFSH17gap2",240,"FAGR",9.8,2,""
"1597","OMSFSH17gap2",240,"FAGR",6.8,1,""
"1598","OMSFSH17gap2",240,"FRAM",10.6,2,""
"1599","OMSFSH17gap3",0,"FAGR",11,2,""
"1600","OMSFSH17gap3",0,"UNK",18.3,3,""
"1601","OMSFSH17gap3",0,"FAGR",11,2,""
"1602","OMSFSH17gap3",0,"FAGR",9,1,""
"1603","OMSFSH17gap3",0,"FAGR",6.9,2,""
"1604","OMSFSH17gap3",0,"FAGR",8.5,2,""
"1605","OMSFSH17gap3",0,"UNK",25.4,3,""
"1606","OMSFSH17gap3",120,"FAGR",9.9,2,""
"1607","OMSFSH17gap3",120,"FAGR",9.2,2,""
"1608","OMSFSH17gap3",120,"FAGR",3.2,1,""
"1609","OMSFSH17gap3",120,"FAGR",3.5,2,""
"1610","OMSFSH17gap3",120,"FAGR",16.2,1,""
"1611","OMSFSH17gap3",120,"FAGR",9.8,2,""
"1612","OMSFSH17gap3",120,"FAGR",5.1,2,""
"1613","OMSFSH17gap3",120,"FAGR",4,2,""
"1614","OMSFSH17gap3",120,"FAGR",7,1,""
"1615","OMSFSH17gap3",120,"UNK",19.4,2,""
"1616","OMSFSH17gap3",120,"FAGR",3.2,1,""
"1617","OMSFSH17gap3",120,"FAGR",4.7,1,""
"1618","OMSFSH17gap3",120,"FAGR",2.5,2,""
"1619","OMSFSH17gap3",120,"BEAL",5.5,1,""
"1620","OMSFSH17gap3",120,"FAGR",3.5,1,""
"1621","OMSFSH17gap3",120,"FAGR",5.1,1,""
"1622","OMSFSH17gap3",120,"FAGR",4.6,1,""
"1623","OMSFSH17gap3",240,"FAGR",13.9,2,""
"1624","OMSFSH17gap3",240,"FAGR",10.6,2,""
"1625","OMSFSH17gap3",240,"FRAM",9.3,2,""
"1626","OMSFSH17gap3",240,"ACRU",20.4,1,""
"1627","OMSFSH17gap3",240,"FRAM",9.4,3,""
"1628","OMSFSH17mat1",0,"UNK",14.3,3,""
"1629","OMSFSH17mat1",120,"ACPE",4,2,""
"1630","OMSFSH17mat1",240,"FRAM",8.8,1,""
"1631","OMSFSH17mat1",240,"FRAM",6.2,2,""
"1632","OMSFSH17mat2",0,"FAGR",5.6,2,""
"1633","OMSFSH17mat2",0,"FAGR",6.3,2,""
"1634","OMSFSH17mat2",0,"UNK",7,2,""
"1635","OMSFSH17mat2",240,"FAGR",15.9,2,""
"1636","OMSFSH17mat2",240,"UNK",7.8,3,""
"1637","OMSFSH17mat3",0,"BEAL",42.1,3,""
"1638","OMSFSH17mat3",0,"BEAL",8.2,2,""
"1639","OMSFSH17mat3",120,"ACPE",9.2,1,""
"1640","OMSFSH17mat3",120,"UNK",32.4,4,""
"1641","OMSFSH17mat3",120,"UNK",36.6,5,""
"1642","OMSFSH17mat3",240,"UNK",10.9,2,""
"1643","OSFCD1gap1",0,"ACSA",28.4,1,""
"1644","OSFCD1gap1",120,"UNK",12.7,2,""
"1645","OSFCD1gap1",120,"ACSA",9.1,1,""
"1646","OSFCD1gap1",240,"ACSA",7.5,1,""
"1647","OSFCD1gap1",240,"ACSA",12.3,1,""
"1648","OSFCD1gap1",240,"ACSA",2.4,1,""
"1649","OSFCD1gap1",240,"ACSA",5.3,1,""
"1650","OSFCD1gap1",240,"ACSA",6.3,2,""
"1651","OSFCD1gap2",0,"ACSA",13,1,""
"1652","OSFCD1gap2",0,"ACSA",5.6,1,""
"1653","OSFCD1gap2",0,"ACSA",3.4,1,""
"1654","OSFCD1gap2",0,"ACSA",8.5,1,""
"1655","OSFCD1gap2",0,"ACSA",1.4,1,""
"1656","OSFCD1gap2",0,"ACSA",1.9,1,""
"1657","OSFCD1gap2",0,"ACSA",1.2,1,""
"1658","OSFCD1gap2",0,"ACSA",1.4,1,""
"1659","OSFCD1gap2",0,"ACSA",2.2,1,""
"1660","OSFCD1gap2",0,"ACSA",2,1,""
"1661","OSFCD1gap2",0,"ACSA",3.5,1,""
"1662","OSFCD1gap2",0,"BELE",6.7,2,""
"1663","OSFCD1gap2",120,"UNK",9.4,2,""
"1664","OSFCD1gap2",120,"UNK",18.5,2,""
"1665","OSFCD1gap2",120,"UNK",16.5,5,""
"1666","OSFCD1gap2",240,"UNK",13.6,2,""
"1667","OSFCD1gap2",240,"UNK",15.7,2,""
"1668","OSFCD1gap3",240,"ACSA",8.6,1,""
"1669","OSFCD1gap3",240,"UNK",7.9,3,""
"1670","OSFCD1gap3",240,"BEPA",17.9,3,""
"1671","OSFCD1gap3",240,"FRAM",44.2,1,""
"1672","OSFCD1gap3",0,"FRAM",14.8,1,""
"1673","OSFCD1gap3",0,"FRAM",7.8,1,""
"1674","OSFCD1gap3",0,"ACSA",7,1,""
"1675","OSFCD1gap3",0,"FRAM",21.9,1,""
"1676","OSFCD1gap3",0,"BEAL",2,1,""
"1677","OSFCD1gap3",0,"BEAL",3,1,""
"1678","OSFCD1gap3",0,"BEAL",2.2,1,""
"1679","OSFCD1gap3",0,"BEAL",2,1,""
"1680","OSFCD1gap3",0,"BEAL",2,1,""
"1681","OSFCD1gap3",120,"FRAM",14.9,1,""
"1682","OSFCD1gap3",120,"FRAM",16.2,1,""
"1683","OSFCD1gap3",120,"FRAM",13.8,1,""
"1684","OSFCD1gap3",120,"BEAL",4.1,2,""
"1685","OSFCD1gap3",120,"BEAL",9.3,1,""
"1686","OSFCD1gap3",120,"BEAL",2.5,1,""
"1687","OSFCD1mat1",0,"ACSA",8.5,1,""
"1688","OSFCD1mat1",0,"UNK",8.1,2,""
"1689","OSFCD1mat1",0,"ACSA",12.8,2,""
"1690","OSFCD1mat1",0,"ACSA",11,1,""
"1691","OSFCD1mat1",0,"UNK",11.8,2,""
"1692","OSFCD1mat1",0,"ACSA",7.7,1,""
"1693","OSFCD1mat1",0,"ACSA",14.2,1,""
"1694","OSFCD1mat1",0,"ACSA",11.2,1,""
"1695","OSFCD1mat1",0,"ACSA",10.7,1,""
"1696","OSFCD1mat1",0,"ACSA",5.3,1,""
"1697","OSFCD1mat1",0,"ACSA",5,1,""
"1698","OSFCD1mat1",0,"ACSA",5.3,1,""
"1699","OSFCD1mat1",0,"ACSA",5.5,1,""
"1700","OSFCD1mat1",0,"ACSA",2.5,1,""
"1701","OSFCD1mat1",120,"ACRU",85,1,""
"1702","OSFCD1mat1",240,"UNK",9,2,""
"1703","OSFCD1mat1",240,"ACSA",2.9,1,""
"1704","OSFCD1mat2",0,"UNK",6.5,3,""
"1705","OSFCD1mat2",0,"ACSA",2,1,""
"1706","OSFCD1mat2",0,"ACSA",1,1,""
"1707","OSFCD1mat2",0,"ACSA",2.2,2,""
"1708","OSFCD1mat2",0,"ACSA",2,2,""
"1709","OSFCD1mat2",0,"ACSA",5.6,1,""
"1710","OSFCD1mat2",120,"UNK",36.5,4,""
"1711","OSFCD1mat2",120,"FRAM",16.6,1,""
"1712","OSFCD1mat2",120,"FRAM",1.6,1,""
"1713","OSFCD1mat2",120,"FRAM",7.6,1,""
"1714","OSFCD1mat2",120,"ACSA",6.3,2,""
"1715","OSFCD1mat2",120,"ACSA",1.7,1,""
"1716","OSFCD1mat2",120,"ACSA",1.3,1,""
"1717","OSFCD1mat2",120,"ACSA",1.5,1,""
"1718","OSFCD1mat2",120,"FRAM",1.6,1,""
"1719","OSFCD1mat2",120,"FRAM",1,1,""
"1720","OSFCD1mat2",120,"FRAM",3.3,1,""
"1721","OSFCD1mat2",120,"ACRU",6.5,2,""
"1722","OSFCD1mat2",120,"FRAM",3.8,1,""
"1723","OSFCD1mat2",120,"FRAM",4.1,1,""
"1724","OSFCD1mat2",120,"FRAM",3,3,""
"1725","OSFCD1mat2",120,"FRAM",4.2,1,""
"1726","OSFCD1mat2",120,"FRAM",12.5,1,""
"1727","OSFCD1mat2",120,"FRAM",2,1,""
"1728","OSFCD1mat2",120,"FRAM",2.1,2,""
"1729","OSFCD1mat2",240,"UNK",14.5,4,""
"1730","OSFCD1mat2",240,"UNK",20.1,4,""
"1731","OSFCD1mat3",0,"FRAM",60.6,2,""
"1732","OSFCD1mat3",0,"FRAM",13.8,1,""
"1733","OSFCD1mat3",0,"FRAM",8.5,1,""
"1734","OSFCD1mat3",0,"FRAM",5.2,1,""
"1735","OSFCD1mat3",0,"FRAM",19.5,1,""
"1736","OSFCD1mat3",0,"FRAM",19.4,1,""
"1737","OSFCD1mat3",0,"FRAM",5.3,1,""
"1738","OSFCD1mat3",0,"FRAM",10.2,1,""
"1739","OSFCD1mat3",0,"FRAM",6.4,1,""
"1740","OSFCD1mat3",0,"FRAM",7.2,1,""
"1741","OSFCD1mat3",0,"FRAM",24.7,2,""
"1742","OSFCD1mat3",0,"FRAM",13.9,1,""
"1743","OSFCD1mat3",0,"FRAM",14.1,2,""
"1744","OSFCD1mat3",120,"ACSA",4.4,1,""
"1745","OSFCD1mat3",120,"ACSA",3,1,""
"1746","OSFCD1mat3",120,"ACSA",4.1,1,""
"1747","OSFCD1mat3",120,"FRAM",2.8,1,""
"1748","OSFCD1mat3",120,"FRAM",2.8,1,""
"1749","OSFCD1mat3",120,"FRAM",3.6,1,""
"1750","OSFCD1mat3",120,"FRAM",5.2,1,""
"1751","OSFCD1mat3",120,"FRAM",3.3,1,""
"1752","OSFCD1mat3",120,"FRAM",2.2,1,""
"1753","OSFCD1mat3",240,"TSCA",11.5,1,""
"1754","OSFCD1mat3",240,"TSCA",51,1,""
"1755","OSFCD1mat3",240,"QURU",30.4,1,""
"1756","OSFCD1mat3",240,"ACSA",6.2,1,""
"1757","OSFCD1mat3",240,"TSCA",11.8,3,""
"1758","OSFCD3unh1",0,"UNK",32.2,3,""
"1759","OSFCD3unh1",120,"ACSA",1.9,1,""
"1760","OSFCD3unh1",120,"ACSA",2.8,1,""
"1761","OSFCD3unh1",120,"ACSA",1.6,1,""
"1762","OSFCD3unh1",120,"ACSA",2,1,""
"1763","OSFCD3unh1",240,"UNK",11.6,2,""
"1764","OSFCD3unh1",240,"ACSA",5.1,2,""
"1765","OSFCD3unh2",0,"UNK",9.5,3,""
"1766","OSFCD3unh3",120,"UNK",19.5,3,""
"1767","OSFCD3unh3",240,"ACSA",5.9,1,""
"1768","OSFCD3unh4",120,"ACSA",8.7,2,""
"1769","OSFCD3unh4",120,"ACSA",6.6,2,""
"1770","OSFCD3unh4",240,"FRAM",9.6,1,""
"1771","PSFPMHgap1",0,"UNK",7.2,2,""
"1772","PSFPMHgap1",0,"FRAM",23.7,1,""
"1773","PSFPMHgap1",120,"UNK",7.5,2,""
"1774","PSFPMHgap1",120,"UNK",7.3,2,""
"1775","PSFPMHgap1",120,"FRAM",19.1,1,""
"1776","PSFPMHgap1",120,"FRAM",7.5,1,""
"1777","PSFPMHgap1",120,"UNK",13.7,3,""
"1778","PSFPMHgap1",240,"FRAM",5.9,1,""
"1779","PSFPMHgap1",240,"FRAM",5.7,2,""
"1780","PSFPMHgap1",240,"FRAM",24.4,1,""
"1781","PSFPMHgap2",0,"FRAM",7,1,""
"1782","PSFPMHgap2",0,"FRAM",7.7,1,""
"1783","PSFPMHgap2",0,"FRAM",13.6,1,""
"1784","PSFPMHgap2",0,"UNK",6,2,""
"1785","PSFPMHgap2",0,"FRAM",8.2,1,""
"1786","PSFPMHgap2",0,"FRAM",20.2,3,""
"1787","PSFPMHgap2",0,"FRAM",11.5,2,""
"1788","PSFPMHgap2",0,"FRAM",18.1,2,""
"1789","PSFPMHgap2",0,"FRAM",18.4,1,""
"1790","PSFPMHgap2",0,"ACSA",15.4,1,""
"1791","PSFPMHgap2",0,"UNK",9.6,2,""
"1792","PSFPMHgap2",120,"UNK",11,2,""
"1793","PSFPMHgap2",120,"UNK",8.6,2,""
"1794","PSFPMHgap2",240,"FRAM",5.2,2,""
"1795","PSFPMHgap2",240,"FRAM",14.6,1,""
"1796","PSFPMHgap2",240,"FRAM",6.6,2,""
"1797","PSFPMHgap3",0,"FAGR",9.5,2,""
"1798","PSFPMHgap3",0,"FAGR",3.2,1,""
"1799","PSFPMHgap3",0,"FAGR",10.6,1,""
"1800","PSFPMHgap3",0,"FAGR",10.3,1,""
"1801","PSFPMHgap3",0,"FAGR",2.7,1,""
"1802","PSFPMHgap3",0,"FAGR",5.6,1,""
"1803","PSFPMHgap3",0,"FAGR",12.1,1,""
"1804","PSFPMHgap3",0,"FAGR",5.7,2,""
"1805","PSFPMHgap3",0,"FAGR",14.4,1,""
"1806","PSFPMHgap3",0,"FAGR",20.5,1,""
"1807","PSFPMHgap3",0,"FAGR",5.2,2,""
"1808","PSFPMHgap3",0,"FAGR",3.8,1,""
"1809","PSFPMHgap3",0,"FAGR",2.5,1,""
"1810","PSFPMHgap3",0,"FAGR",24.4,1,""
"1811","PSFPMHgap3",120,"FAGR",24.4,1,""
"1812","PSFPMHgap3",120,"FAGR",13,1,""
"1813","PSFPMHgap3",120,"FAGR",21.5,1,""
"1814","PSFPMHgap3",120,"FAGR",11,2,""
"1815","PSFPMHgap3",240,"FAGR",23.6,1,""
"1816","PSFPMHgap3",240,"FAGR",28.7,1,""
"1817","PSFPMHmat1",120,"BEPA",15.3,3,""
"1818","PSFPMHmat1",240,"UNK",8.6,2,""
"1819","PSFPMHmat1",240,"BESP",24.5,3,""
"1820","PSFPMHmat1",240,"BEAL",4.2,2,""
"1821","PSFPMHmat1",240,"UNK",8,3,""
"1822","PSFPMHmat2",0,"UNK",7,2,""
"1823","PSFPMHmat2",0,"FRAM",8,2,""
"1824","PSFPMHmat2",0,"FRAM",2,2,""
"1825","PSFPMHmat2",240,"UNK",20.1,2,""
"1826","PSFPMHmat2",240,"FRAM",27.6,1,""
"1827","PSFPMHmat3",120,"FRAM",19.4,1,""
"1828","PSFPMHmat3",120,"UNK",15.3,3,""
"1829","PSFPMHmat3",120,"UNK",3,1,""
"1830","PSFPMHmat3",120,"UNK",2.2,2,""
"1831","PSFPMHmat3",120,"FRAM",8.4,1,""
"1832","PSFPMHmat3",240,"FAGR",2,1,""
"1833","PSFPMHmat3",240,"FAGR",5.4,1,""
"1834","PSFPMHmat3",240,"BEAL",8.8,3,""
"1835","PSFPMHmat3",240,"UNK",13.3,2,""
"1836","PSFPMHmat3",240,"UNK",10.5,1,""
"1837","PSFPMHmat3",240,"UNK",5.5,2,""
"1838","PSFPMHmat3",240,"FRAM",23.4,2,""
"1839","PSFPMHmat3",240,"UNK",2,2,""
"1874","SSFYL2gap1",0,"FRAM",6.6,1,""
"1875","SSFYL2gap1",0,"UNK",11,3,""
"1876","SSFYL2gap1",120,"FRAM",11.3,1,""
"1877","SSFYL2gap1",120,"PRSE",24.7,1,""
"1878","SSFYL2gap1",120,"FRAM",8.1,2,""
"1879","SSFYL2gap1",120,"UNK",10.2,2,""
"1880","SSFYL2gap1",120,"UNK",12.2,3,""
"1881","SSFYL2gap1",120,"FRAM",6.1,2,""
"1882","SSFYL2gap1",120,"UNK",23,2,""
"1883","SSFYL2gap1",120,"FRAM",10.4,1,""
"1884","SSFYL2gap1",240,"FRAM",21.7,1,""
"1885","SSFYL2gap1",240,"FRAM",12.1,1,""
"1886","SSFYL2gap1",240,"UNK",12.4,2,""
"1887","SSFYL2gap1",240,"UNK",7.8,2,""
"1888","SSFYL2gap1",240,"UNK",13.5,2,""
"1889","SSFYL2gap2",0,"FRAM",16.5,2,""
"1890","SSFYL2gap2",0,"FRAM",8.7,2,""
"1891","SSFYL2gap2",0,"UNK",8.7,2,""
"1892","SSFYL2gap2",0,"FRAM",6.1,2,""
"1893","SSFYL2gap2",0,"FRAM",6.9,2,""
"1894","SSFYL2gap2",0,"UNK",6.1,2,""
"1895","SSFYL2gap2",0,"FRAM",6,2,""
"1896","SSFYL2gap2",0,"UNK",8.4,2,""
"1897","SSFYL2gap2",0,"UNK",7.1,2,""
"1898","SSFYL2gap2",0,"UNK",11.8,3,""
"1899","SSFYL2gap2",0,"UNK",10.5,2,""
"1900","SSFYL2gap2",120,"UNK",7.3,3,""
"1901","SSFYL2gap2",120,"UNK",15,3,""
"1902","SSFYL2gap2",120,"UNK",14.6,3,""
"1903","SSFYL2gap2",120,"FRAM",21.3,1,""
"1904","SSFYL2gap2",120,"UNK",8.6,2,""
"1905","SSFYL2gap2",240,"FRAM",24.7,2,""
"1906","SSFYL2gap3",0,"FRAM",15.1,2,""
"1907","SSFYL2gap3",0,"FRAM",9.5,2,""
"1908","SSFYL2gap3",0,"UNK",30.6,2,""
"1909","SSFYL2gap3",0,"UNK",7.5,2,""
"1910","SSFYL2gap3",0,"UNK",9.7,3,""
"1911","SSFYL2gap3",0,"UNK",8.5,2,""
"1912","SSFYL2gap3",0,"UNK",10.4,2,""
"1913","SSFYL2gap3",0,"UNK",8.2,2,""
"1914","SSFYL2gap3",0,"UNK",5.6,3,""
"1915","SSFYL2gap3",120,"UNK",11.1,2,""
"1916","SSFYL2gap3",120,"FRAM",9.1,3,""
"1917","SSFYL2gap3",120,"UNK",13.1,3,""
"1918","SSFYL2gap3",120,"UNK",11.3,3,""
"1919","SSFYL2gap3",120,"UNK",23.4,4,""
"1920","SSFYL2gap3",120,"UNK",9.1,3,""
"1921","SSFYL2gap3",120,"UNK",11.2,3,""
"1922","SSFYL2gap3",120,"UNK",7.8,3,""
"1923","SSFYL2gap3",120,"UNK",8.6,2,""
"1924","SSFYL2gap3",120,"UNK",6.3,2,""
"1925","SSFYL2gap3",240,"BEAL",13,3,""
"1926","SSFYL2gap3",240,"UNK",7.2,2,""
"1927","SSFYL2gap3",240,"UNK",13,3,""
"1928","SSFYL2gap3",240,"UNK",6,2,""
"1929","SSFYL2mat1",0,"UNK",8.8,3,""
"1930","SSFYL2mat1",120,"ACSA",6.1,2,""
"1931","SSFYL2mat1",120,"ACSA",4.4,2,""
"1932","SSFYL2mat1",120,"ACPE",6.6,2,""
"1933","SSFYL2mat1",120,"UNK",21.7,5,""
"1934","SSFYL2mat1",120,"UNK",22.4,5,""
"1935","SSFYL2mat1",240,"UNK",11.9,2,""
"1936","SSFYL2mat1",240,"FRAM",10.4,3,""
"1937","SSFYL2mat1",240,"FRAM",3,1,""
"1938","SSFYL2mat1",240,"FRAM",16.3,1,""
"1939","SSFYL2mat2",0,"FRAM",15.5,2,""
"1940","SSFYL2mat2",0,"UNK",19,2,""
"1941","SSFYL2mat2",0,"FRAM",9.4,2,""
"1942","SSFYL2mat2",0,"UNK",19.5,3,""
"1943","SSFYL2mat2",0,"FRAM",22,3,""
"1944","SSFYL2mat2",0,"FRAM",9.1,2,""
"1945","SSFYL2mat2",0,"FRAM",6.5,2,""
"1946","SSFYL2mat2",120,"UNK",9.2,4,""
"1947","SSFYL2mat2",120,"PIST",7.4,1,""
"1948","SSFYL2mat2",240,"ACSP",8,2,""
"1949","SSFYL2mat2",240,"ACSP",9.1,2,""
"1950","SSFYL2mat2",240,"UNK",3.4,2,""
"1951","SSFYL2mat2",240,"UNK",5,2,""
"1952","SSFYL2mat2",240,"FRAM",6.2,2,""
"1953","SSFYL2mat2",240,"FRAM",5,2,""
"1954","SSFYL2mat2",240,"FRAM",9.2,2,""
"1955","SSFYL2mat2",240,"FRAM",11.7,2,""
"1956","SSFYL2mat2",240,"FRAM",10.1,2,""
"1957","SSFYL2mat2",240,"FRAM",5.8,2,""
"1958","SSFYL2mat2",240,"FRAM",8.9,3,""
"1959","SSFYL2mat3",0,"UNK",6.9,2,""
"1960","SSFYL2mat3",0,"FRAM",16.2,1,""
"1961","SSFYL2mat3",0,"FRAM",14.2,2,""
"1962","SSFYL2mat3",0,"FRAM",11,2,""
"1963","SSFYL2mat3",0,"FRAM",19.3,2,""
"1964","SSFYL2mat3",0,"FRAM",10.2,2,""
"1965","SSFYL2mat3",0,"FRAM",17.8,2,""
"1966","SSFYL2mat3",0,"UNK",26.2,3,""
"1967","SSFYL2mat3",0,"FRAM",13.1,2,""
"1968","SSFYL2mat3",0,"FRAM",13.4,2,""
"1969","SSFYL2mat3",120,"ACRU",43.4,1,""
"1970","SSFYL2mat3",120,"UNK",7.4,3,""
"1971","SSFYL2mat3",120,"UNK",3.2,2,""
"1972","SSFYL2mat3",240,"UNK",5,2,""
"1973","SSFYL2mat3",240,"UNK",2.3,2,""
"1974","SSFYL2mat3",240,"UNK",2.7,2,""
"1975","SSFYL2mat3",240,"UNK",2.2,2,""
"1976","SSFYL2mat3",240,"UNK",2.5,2,""
"1977","SSFYL2mat3",240,"UNK",11,2,""
"1978","SSFYL2mat3",240,"ACRU",16.7,3,""
