"","plot_ID","tree_ID","species","DBH_cm","status","height_m","decay_class","to.be.cut","notes"
"64","BRSPunh1",1,"BENI",34.6,"live",NA,NA,"NO",""
"65","BRSPunh1",2,"PRSE",63,"live",NA,NA,"NO",""
"66","BRSPunh1",3,"OSVI",12,"live",NA,NA,"NO",""
"67","BRSPunh1",4,"PRSE",22.5,"snag",4.8,2,"NO",""
"68","BRSPunh1",5,"FRAM",73.4,"live",NA,NA,"NO",""
"69","BRSPunh1",6,"ACSA",20.4,"live",NA,NA,"NO",""
"70","BRSPunh1",7,"PRSE",68.3,"live",NA,NA,"NO",""
"71","BRSPunh1",8,"ACRU",14.4,"live",NA,NA,"NO",""
"72","BRSPunh1",9,"FRAM",30.1,"live",NA,NA,"NO",""
"73","BRSPunh1",10,"OSVI",13.6,"live",NA,NA,"NO",""
"74","BRSPunh1",11,"ACSA",30.6,"live",NA,NA,"NO",""
"75","BRSPunh1",12,"OSVI",10.9,"live",NA,NA,"NO",""
"76","BRSPunh1",13,"ACRU",21.9,"live",NA,NA,"NO",""
"77","BRSPunh1",14,"ACRU",10.6,"live",NA,NA,"NO",""
"78","BRSPunh1",15,"PRSE",42.4,"live",NA,NA,"NO",""
"79","BRSPunh1",16,"OSVI",12.6,"live",NA,NA,"NO",""
"80","BRSPunh1",17,"BENI",17.7,"live",NA,NA,"NO",""
"81","BRSPunh1",18,"TSCA",20.3,"live",NA,NA,"NO",""
"82","BRSPunh1",19,"ACRU",11.8,"live",NA,NA,"NO",""
"83","BRSPunh1",20,"UNK",55.8,"stump",0.2,4,"NO",""
"84","BRSPunh1",21,"UNK",22.6,"stump",0.25,4,"NO",""
"85","BRSPunh2",1,"ACPE",10.8,"live",NA,NA,"NO",""
"86","BRSPunh2",2,"FRAM",18.7,"live",NA,NA,"NO",""
"87","BRSPunh2",3,"ACSA",22.2,"live",NA,NA,"NO",""
"88","BRSPunh2",4,"FRAM",45.6,"live",NA,NA,"NO",""
"89","BRSPunh2",5,"ACSA",52.3,"live",NA,NA,"NO",""
"90","BRSPunh2",6,"FRAM",18.8,"live",NA,NA,"NO",""
"91","BRSPunh2",7,"FRAM",11.4,"live",NA,NA,"NO",""
"92","BRSPunh2",8,"ACSA",39.3,"stump",0.84,4,"NO",""
"93","BRSPunh2",9,"QURU",45.4,"snag",2.23,2,"NO",""
"94","BRSPunh2",10,"FRAM",46.6,"live",NA,NA,"NO",""
"95","BRSPunh2",11,"FRAM",16.2,"snag",11,1,"NO",""
"96","BRSPunh2",12,"ACRU",17,"live",NA,NA,"NO",""
"97","BRSPunh2",13,"FRAM",25.8,"live",NA,NA,"NO",""
"98","BRSPunh2",14,"ACSA",48.4,"live",NA,NA,"NO",""
"99","BRSPunh2",15,"FRAM",34.6,"live",NA,NA,"NO",""
"100","BRSPunh2",16,"FRAM",49.9,"live",NA,NA,"NO",""
"101","BRSPunh2",17,"FRAM",35.7,"live",NA,NA,"NO",""
"102","BRSPunh2",18,"ACRU",23.4,"live",NA,NA,"NO",""
"103","BRSPunh3",1,"FAGR",13.5,"live",NA,NA,"NO",""
"104","BRSPunh3",2,"BENI",34.1,"live",NA,NA,"NO",""
"105","BRSPunh3",3,"ACSA",17.2,"live",NA,NA,"NO",""
"106","BRSPunh3",4,"TIAM",21.7,"snag",4,2,"NO",""
"107","BRSPunh3",5,"FRNI",17.2,"live",NA,NA,"NO",""
"108","BRSPunh3",6,"ACSA",37.1,"live",NA,NA,"NO",""
"109","BRSPunh3",7,"FRAM",31.8,"snag",14,2,"NO",""
"110","BRSPunh3",8,"ACSA",52.8,"live",NA,NA,"NO",""
"111","BRSPunh3",9,"FRAM",17.4,"live",NA,NA,"NO",""
"112","BRSPunh3",10,"FAGR",10.8,"live",NA,NA,"NO",""
"113","BRSPunh3",11,"BENI",12.6,"live",NA,NA,"NO",""
"114","BRSPunh3",12,"BEAL",12.7,"live",NA,NA,"NO",""
"115","BRSPunh3",13,"ACSA",12.2,"live",NA,NA,"NO",""
"116","BRSPunh3",14,"ACSA",10.2,"live",NA,NA,"NO",""
"117","BRSPunh3",15,"FRAM",18.6,"live",NA,NA,"NO",""
"118","BRSPunh3",16,"FRAM",28.8,"live",NA,NA,"NO",""
"119","BRSPunh3",17,"QURU",49.6,"live",NA,NA,"NO",""
"120","BRSPunh3",18,"ACSA",14.9,"live",NA,NA,"NO",""
"121","BRSPunh3",19,"TIAM",11.2,"live",NA,NA,"NO",""
"122","BRSPunh3",20,"ACSA",20.3,"live",NA,NA,"NO",""
"123","BRSPunh3",21,"TIAM",29.8,"live",NA,NA,"NO",""
"124","BRSPunh3",22,"ACSA",25.4,"live",NA,NA,"NO",""
"125","BRSPunh3",23,"TIAM",12.4,"live",NA,NA,"NO",""
"126","BRSPunh3",24,"ACSA",10.7,"live",NA,NA,"NO",""
"127","BRSPunh3",25,"FRAM",12.3,"snag",14,1,"NO",""
"128","BRSPunh3",26,"ACSA",27.1,"live",NA,NA,"NO",""
"129","BRSPunh3",27,"ACSA",24.9,"live",NA,NA,"NO",""
"130","BRSPunh3",28,"FRAM",23.6,"live",NA,NA,"NO",""
"131","BRSPunh3",29,"FRAM",30.5,"live",NA,NA,"NO",""
"132","BRSPunh3",30,"FRAM",26.4,"live",NA,NA,"NO",""
"133","BRSPunh3",31,"OSVI",10.2,"live",NA,NA,"NO",""
"134","BRSPunh4",1,"ACRU",30.1,"live",NA,NA,"NO",""
"135","BRSPunh4",2,"PRSE",43,"live",NA,NA,"NO",""
"136","BRSPunh4",3,"ACRU",11,"live",NA,NA,"NO",""
"137","BRSPunh4",4,"ACRU",18.1,"live",NA,NA,"NO",""
"138","BRSPunh4",5,"ACRU",32.4,"live",NA,NA,"NO",""
"139","BRSPunh4",6,"ACRU",30.4,"live",NA,NA,"NO",""
"140","BRSPunh4",7,"FRAM",23.2,"live",NA,NA,"NO",""
"141","BRSPunh4",8,"FAGR",10.6,"live",NA,NA,"NO",""
"142","BRSPunh4",9,"BENI",14,"live",NA,NA,"NO",""
"143","BRSPunh4",10,"ACRU",22.2,"live",NA,NA,"NO",""
"144","BRSPunh4",11,"ACRU",25.4,"live",NA,NA,"NO",""
"145","BRSPunh4",12,"FAGR",11.3,"live",NA,NA,"NO",""
"146","BRSPunh4",13,"ACRU",23.1,"live",NA,NA,"NO",""
"147","BRSPunh4",14,"ACRU",60.3,"live",NA,NA,"NO",""
"148","BRSPunh4",15,"FAGR",14.9,"live",NA,NA,"NO",""
"149","BRSPunh4",16,"BEPA",39.6,"live",NA,NA,"NO",""
"150","BRSPunh4",17,"FAGR",15.7,"live",NA,NA,"NO",""
"151","BRSPunh4",18,"ACRU",14.2,"live",NA,NA,"NO",""
"152","BRSPunh4",19,"ACRU",10.9,"snag",12,2,"NO",""
"153","BRSPunh4",20,"ACRU",28.4,"live",NA,NA,"NO",""
"154","BRSPunh4",21,"ACRU",17.6,"live",NA,NA,"NO",""
"155","BRSPunh4",22,"ACRU",12,"live",NA,NA,"NO",""
"156","BRSPunh4",23,"QURU",33.9,"live",NA,NA,"NO",""
"157","BRSPunh4",24,"FAGR",19,"live",NA,NA,"NO",""
"158","BRSPunh4",25,"BEAL",19.4,"live",NA,NA,"NO",""
"159","BRSPunh4",26,"FAGR",13.4,"live",NA,NA,"NO",""
"160","BRSPunh4",27,"BEPA",28.8,"live",NA,NA,"NO",""
"161","BRSPunh4",28,"ACRU",13.8,"live",NA,NA,"NO",""
"162","BRSPunh4",29,"UNK",63,"stump",0.1,5,"NO",""
"163","BRSPunh4",30,"ACRU",29.2,"live",NA,NA,"NO",""
"164","BRSPunh4",31,"FAGR",12.4,"live",NA,NA,"NO",""
"165","BRSPunh4",32,"ACPE",10.6,"live",NA,NA,"NO",""
"166","BRSPunh4",33,"FRAM",31.7,"live",NA,NA,"NO",""
"167","BRSPunh4",34,"FRAM",26.4,"live",NA,NA,"NO",""
"168","BRSPunh4",35,"FRAM",31.2,"live",NA,NA,"NO",""
"3633","OMSFCRgap1",1,"FRAM",29.9,"stump",0.29,1,"NO",""
"3634","OMSFCRgap1",2,"PRSE",29.7,"live",NA,NA,"NO",""
"3635","OMSFCRgap1",3,"ABBA",19.7,"stump",0.36,2,"NO",""
"3636","OMSFCRgap1",4,"PRSE",33.2,"snag",12,2,"NO",""
"3637","OMSFCRgap1",5,"ABBA",18.8,"live",NA,NA,"NO",""
"3638","OMSFCRgap1",6,"UNK",14.3,"stump",0.4,3,"NO",""
"3639","OMSFCRgap1",7,"BEAL",18.9,"live",NA,NA,"NO",""
"3640","OMSFCRgap1",8,"ABBA",15.9,"stump",0.33,1,"NO",""
"3641","OMSFCRgap1",9,"FRAM",10.8,"snag",2,1,"NO",""
"3642","OMSFCRgap1",10,"FRAM",17.3,"stump",0.22,1,"NO",""
"3643","OMSFCRgap1",11,"FRAM",21.4,"live",NA,NA,"NO",""
"3644","OMSFCRgap1",12,"PRSE",24.7,"snag",5,3,"NO",""
"3645","OMSFCRgap1",13,"ABBA",18.3,"snag",4.7,1,"NO",""
"3646","OMSFCRgap1",14,"FRAM",43.9,"stump",0.19,1,"NO",""
"3647","OMSFCRgap1",15,"PRSE",28.6,"live",NA,NA,"NO",""
"3648","OMSFCRgap1",16,"ABBA",18.7,"live",NA,NA,"NO",""
"3649","OMSFCRgap1",17,"PRSE",46.8,"stump",0.24,2,"NO",""
"3650","OMSFCRgap1",18,"FRAM",25,"stump",0.31,1,"NO",""
"3651","OMSFCRgap1",19,"PRSE",40.5,"live",NA,NA,"NO",""
"3652","OMSFCRgap1",20,"ACRU",28.2,"live",NA,NA,"NO",""
"3653","OMSFCRgap1",21,"ABBA",36,"stump",0.48,4,"NO",""
"3654","OMSFCRgap1",22,"ABBA",23.1,"stump",0.46,3,"NO",""
"3655","OMSFCRgap1",23,"FRAM",27.6,"stump",0.27,2,"NO",""
"3656","OMSFCRgap1",24,"FRAM",11.6,"live",NA,NA,"NO",""
"3657","OMSFCRgap1",25,"FRAM",26.6,"stump",0.27,1,"NO",""
"3658","OMSFCRgap1",26,"FRAM",14.4,"live",NA,NA,"NO",""
"3659","OMSFCRgap1",27,"FRAM",19.7,"live",NA,NA,"NO",""
"3660","OMSFCRgap1",28,"ABBA",17.6,"snag",7,1,"NO",""
"3661","OMSFCRgap1",29,"FRAM",13.9,"live",NA,NA,"NO",""
"3662","OMSFCRgap1",30,"FRAM",56.6,"stump",0.23,1,"NO",""
"3663","OMSFCRgap1",31,"ABBA",31,"live",NA,NA,"NO",""
"3664","OMSFCRgap1",32,"ABBA",12.3,"stump",0.42,1,"NO",""
"3665","OMSFCRgap1",33,"FRAM",34.4,"stump",0.43,1,"NO",""
"3666","OMSFCRgap1",34,"FRAM",12.8,"stump",0.45,1,"NO",""
"3667","OMSFCRgap1",35,"FRAM",32.7,"stump",0.21,1,"NO",""
"3668","OMSFCRgap2",1,"BEAL",11.9,"stump",0.23,2,"NO",""
"3669","OMSFCRgap2",2,"FRAM",46,"stump",0.18,1,"NO",""
"3670","OMSFCRgap2",3,"UNK",53.4,"stump",0.35,3,"NO",""
"3671","OMSFCRgap2",4,"UNK",41,"stump",0.26,3,"NO",""
"3672","OMSFCRgap2",5,"PRSE",37.7,"live",NA,NA,"NO",""
"3673","OMSFCRgap2",6,"BEPA",10.6,"live",NA,NA,"NO",""
"3674","OMSFCRgap2",7,"UNK",55,"stump",0.34,3,"NO",""
"3675","OMSFCRgap2",8,"UNK",17.2,"stump",0.16,4,"NO",""
"3676","OMSFCRgap2",9,"UNK",13.9,"stump",0.15,3,"NO",""
"3677","OMSFCRgap2",10,"UNK",27.5,"stump",0.21,3,"NO",""
"3678","OMSFCRgap2",11,"PRSE",71,"stump",1.33,3,"NO","stump"
"3679","OMSFCRgap2",12,"PRSE",66.2,"stump",0.41,2,"NO",""
"3680","OMSFCRgap2",13,"UNK",25.5,"stump",0.2,2,"NO",""
"3681","OMSFCRgap2",14,"PRSE",54.1,"stump",0.24,2,"NO",""
"3682","OMSFCRgap2",15,"UNK",53,"stump",0.23,3,"NO",""
"3683","OMSFCRgap2",16,"UNK",23.4,"stump",0.16,4,"NO",""
"3684","OMSFCRgap2",17,"PRSE",48.2,"stump",0.35,2,"NO",""
"3685","OMSFCRgap2",18,"PRSE",55.4,"live",NA,NA,"NO",""
"3686","OMSFCRgap2",19,"UNK",41,"stump",0.29,3,"NO",""
"3687","OMSFCRgap2",20,"FRAM",48.8,"stump",0.26,1,"NO",""
"3688","OMSFCRgap2",21,"PRSE",39,"stump",0.31,3,"NO",""
"3689","OMSFCRgap2",22,"UNK",27.5,"stump",0.36,4,"NO",""
"3690","OMSFCRgap2",23,"UNK",22,"stump",0.14,3,"NO",""
"3691","OMSFCRgap3",1,"FRAM",19.5,"stump",1,1,"NO","stump"
"3692","OMSFCRgap3",2,"ACSA",38.7,"live",NA,NA,"NO",""
"3693","OMSFCRgap3",3,"ACSA",49.9,"live",NA,NA,"NO",""
"3694","OMSFCRgap3",4,"ACSA",30.6,"stump",1.03,2,"NO","stump"
"3695","OMSFCRgap3",5,"ACSA",29.8,"stump",0.26,2,"NO",""
"3696","OMSFCRgap3",6,"ACSA",29.2,"live",NA,NA,"NO",""
"3697","OMSFCRgap3",7,"FRAM",16.4,"stump",0.21,1,"NO",""
"3698","OMSFCRgap3",8,"FRAM",41.6,"stump",0.27,1,"NO",""
"3699","OMSFCRgap3",9,"UNK",14.1,"stump",0.17,2,"NO",""
"3700","OMSFCRgap3",10,"FRAM",29.3,"stump",0.29,1,"NO",""
"3701","OMSFCRgap3",11,"FRAM",15.8,"stump",0.4,1,"NO",""
"3702","OMSFCRgap3",12,"UNK",24.3,"stump",0.17,4,"NO",""
"3703","OMSFCRgap3",13,"FRAM",21.1,"stump",0.24,1,"NO",""
"3704","OMSFCRgap3",14,"FRAM",15.6,"live",NA,NA,"NO",""
"3705","OMSFCRgap3",15,"ACSA",26.7,"live",NA,NA,"NO",""
"3706","OMSFCRgap3",16,"ACSA",35.7,"live",NA,NA,"NO",""
"3707","OMSFCRgap3",17,"FRAM",15.4,"stump",0.19,1,"NO",""
"3708","OMSFCRgap3",18,"FRAM",20.6,"stump",0.24,1,"NO",""
"3709","OMSFCRgap3",19,"ACSA",56.4,"live",NA,NA,"NO",""
"3710","OMSFCRgap3",20,"FRAM",10.7,"live",NA,NA,"NO",""
"3711","OMSFCRgap3",21,"UNK",10.5,"stump",0.09,3,"NO",""
"3712","OMSFCRmat1",1,"BEAL",13.6,"live",NA,NA,"NO",""
"3713","OMSFCRmat1",2,"ABBA",12.5,"live",NA,NA,"NO",""
"3714","OMSFCRmat1",3,"FRAM",10.7,"live",NA,NA,"NO",""
"3715","OMSFCRmat1",4,"ABBA",11.3,"stump",0.47,2,"NO",""
"3716","OMSFCRmat1",5,"FRAM",29.6,"stump",0.06,1,"NO",""
"3717","OMSFCRmat1",6,"UNK",19.3,"snag",3.5,3,"NO",""
"3718","OMSFCRmat1",7,"CACA",10.7,"live",NA,NA,"NO",""
"3719","OMSFCRmat1",8,"UNK",19.2,"snag",3,3,"NO",""
"3720","OMSFCRmat1",9,"PRSE",22.2,"live",NA,NA,"NO",""
"3721","OMSFCRmat1",10,"FRAM",25.3,"stump",0.18,1,"NO",""
"3722","OMSFCRmat1",11,"FAGR",14.7,"stump",0.1,NA,"NO",""
"3723","OMSFCRmat1",12,"FRAM",22.7,"stump",0.23,1,"NO",""
"3724","OMSFCRmat1",13,"UNK",19.8,"snag",7.5,3,"NO",""
"3725","OMSFCRmat1",14,"UNK",33.9,"snag",11,2,"NO",""
"3726","OMSFCRmat1",15,"FRAM",12.6,"live",NA,NA,"NO",""
"3727","OMSFCRmat1",16,"ABBA",10.9,"live",NA,NA,"NO",""
"3728","OMSFCRmat1",17,"FRAM",25.1,"stump",0.34,1,"NO",""
"3729","OMSFCRmat1",18,"UNK",38.1,"stump",0.34,4,"NO",""
"3730","OMSFCRmat1",19,"PRSE",18.4,"snag",8,2,"NO",""
"3731","OMSFCRmat1",20,"FAGR",11.7,"snag",3,2,"NO",""
"3732","OMSFCRmat1",21,"ACRU",12.3,"live",NA,NA,"NO",""
"3733","OMSFCRmat1",22,"ABBA",14.8,"live",NA,NA,"NO",""
"3734","OMSFCRmat1",23,"FRAM",13.5,"live",NA,NA,"NO",""
"3735","OMSFCRmat1",24,"ABBA",16,"live",NA,NA,"NO",""
"3736","OMSFCRmat1",25,"BEAL",11,"live",NA,NA,"NO",""
"3737","OMSFCRmat1",26,"ABBA",11.7,"stump",0.76,2,"NO",""
"3738","OMSFCRmat1",27,"FRAM",43.6,"stump",0.4,1,"NO",""
"3739","OMSFCRmat1",28,"ACRU",42.2,"live",NA,NA,"NO",""
"3740","OMSFCRmat1",29,"ACRU",15.3,"live",NA,NA,"NO",""
"3741","OMSFCRmat1",30,"ABBA",11.7,"live",NA,NA,"NO",""
"3742","OMSFCRmat1",31,"ACRU",16.2,"live",NA,NA,"NO",""
"3743","OMSFCRmat1",32,"ACRU",29.1,"live",NA,NA,"NO",""
"3744","OMSFCRmat1",33,"BEAL",20.9,"live",NA,NA,"NO",""
"3745","OMSFCRmat1",34,"ACRU",14.5,"live",NA,NA,"NO",""
"3746","OMSFCRmat1",35,"UNK",43,"snag",7,3,"NO",""
"3747","OMSFCRmat1",36,"FRAM",18.2,"live",NA,NA,"NO",""
"3748","OMSFCRmat1",37,"ACRU",13.3,"live",NA,NA,"NO",""
"3749","OMSFCRmat1",38,"ABBA",19.2,"snag",1.7,2,"NO",""
"3750","OMSFCRmat1",39,"ACRU",22.8,"live",NA,NA,"NO",""
"3751","OMSFCRmat1",40,"ABBA",16.5,"live",NA,NA,"NO",""
"3752","OMSFCRmat1",41,"UNK",12.3,"stump",0.34,4,"NO",""
"3753","OMSFCRmat1",42,"ABBA",16.4,"live",NA,NA,"NO",""
"3754","OMSFCRmat1",43,"FRAM",56.7,"stump",0.22,1,"NO",""
"3755","OMSFCRmat1",44,"ABBA",16.1,"live",NA,NA,"NO",""
"3756","OMSFCRmat1",45,"ABBA",24.9,"live",NA,NA,"NO",""
"3757","OMSFCRmat1",46,"ABBA",17.1,"live",NA,NA,"NO",""
"3758","OMSFCRmat1",47,"PRSE",23.2,"snag",2.1,3,"NO",""
"3759","OMSFCRmat1",48,"ABBA",18.1,"live",NA,NA,"NO",""
"3760","OMSFCRmat1",49,"FRAM",24.3,"stump",0.2,2,"NO",""
"3761","OMSFCRmat1",50,"BEAL",26.2,"live",NA,NA,"NO",""
"3762","OMSFCRmat1",51,"ACRU",30.4,"stump",0.05,2,"NO",""
"3763","OMSFCRmat1",52,"FRAM",28.4,"stump",0.24,1,"NO",""
"3764","OMSFCRmat2",1,"ACSA",67.7,"snag",3.2,4,"NO",""
"3765","OMSFCRmat2",2,"ACRU",12.4,"live",NA,NA,"NO",""
"3766","OMSFCRmat2",3,"BEAL",27.9,"live",NA,NA,"NO",""
"3767","OMSFCRmat2",4,"BEAL",39,"live",NA,NA,"NO",""
"3768","OMSFCRmat2",5,"FRAM",66.2,"stump",0.22,1,"NO",""
"3769","OMSFCRmat2",6,"ACSA",39.7,"live",NA,NA,"NO",""
"3770","OMSFCRmat2",7,"ACRU",19.9,"live",NA,NA,"NO",""
"3771","OMSFCRmat2",8,"UNK",12.2,"stump",0.06,4,"NO",""
"3772","OMSFCRmat2",9,"ACRU",27.1,"live",NA,NA,"NO",""
"3773","OMSFCRmat2",10,"ACSA",15,"live",NA,NA,"NO",""
"3774","OMSFCRmat2",11,"ACSA",13.5,"live",NA,NA,"NO",""
"3775","OMSFCRmat2",12,"ACSA",19.7,"live",NA,NA,"NO",""
"3776","OMSFCRmat2",13,"QURU",64.8,"live",NA,NA,"NO",""
"3777","OMSFCRmat2",14,"PIST",34.2,"live",NA,NA,"NO",""
"3778","OMSFCRmat2",15,"ACSA",24.3,"live",NA,NA,"NO",""
"3779","OMSFCRmat2",16,"QURU",59.6,"live",NA,NA,"NO",""
"3780","OMSFCRmat2",17,"BEAL",22.7,"snag",1.6,3,"NO",""
"3781","OMSFCRmat2",18,"BEAL",16.9,"snag",1.13,4,"NO",""
"3782","OMSFCRmat2",19,"BEAL",36.7,"snag",2.4,4,"NO",""
"3783","OMSFCRmat2",20,"ACRU",15.7,"live",NA,NA,"NO",""
"3784","OMSFCRmat2",21,"TSCA",10.2,"stump",0.1,4,"NO",""
"3785","OMSFCRmat2",22,"FAGR",12,"live",NA,NA,"NO",""
"3786","OMSFCRmat2",23,"ACSA",14.2,"live",NA,NA,"NO",""
"3787","OMSFCRmat3",1,"ACSA",51.6,"live",NA,NA,"NO",""
"3788","OMSFCRmat3",2,"FRAM",39.6,"stump",0.35,1,"NO",""
"3789","OMSFCRmat3",3,"FRAM",46.3,"stump",0.3,2,"NO",""
"3790","OMSFCRmat3",4,"ACSA",36.2,"live",NA,NA,"NO",""
"3791","OMSFCRmat3",5,"ACSA",39.2,"live",NA,NA,"NO",""
"3792","OMSFCRmat3",6,"ACSA",12.4,"live",NA,NA,"NO",""
"3793","OMSFCRmat3",7,"FRAM",41.7,"stump",0.58,2,"NO",""
"3794","OMSFCRmat3",8,"FRAM",20.1,"stump",0.37,3,"NO",""
"3795","OMSFCRmat3",9,"FRAM",38.8,"stump",0.19,3,"NO",""
"3796","OMSFCRmat3",10,"PRSE",35.1,"live",NA,NA,"NO",""
"3797","OMSFCRmat3",11,"ACSA",10.4,"live",NA,NA,"NO",""
"3798","OMSFCRmat3",12,"UNK",35,"stump",0.16,4,"NO",""
"3799","OMSFCRmat3",13,"ACSA",25.5,"live",NA,NA,"NO",""
"3800","OMSFCRmat3",14,"ACSA",14.1,"snag",4.3,3,"NO",""
"3801","OMSFCRmat3",15,"FRAM",27.5,"stump",0.08,3,"NO",""
"3802","OMSFCRmat3",16,"FRAM",27.9,"stump",0.17,3,"NO",""
"3803","OMSFCRmat3",17,"ACSA",11.1,"live",NA,NA,"NO",""
"3804","OMSFCRmat3",18,"FRAM",25.9,"stump",0.19,3,"NO",""
"3805","OMSFCRmat3",19,"ACSA",40.7,"live",NA,NA,"NO",""
"3806","OMSFCRmat3",20,"FRAM",26.7,"stump",0.24,1,"NO",""
"3807","OMSFCRmat3",21,"FRAM",39.3,"stump",0.21,3,"NO",""
"3808","OMSFCRmat3",22,"FRAM",28.6,"stump",0.16,2,"NO",""
"3809","OMSFCRmat3",23,"ACSA",45.8,"live",NA,NA,"NO",""
"3810","OMSFCRmat3",24,"FRAM",31.9,"stump",0.78,2,"NO",""
"3811","OMSFHRgap1",1,"FRAM",44.4,"stump",0.53,1,"NO",""
"3812","OMSFHRgap1",2,"FRAM",44.1,"stump",0.59,1,"NO",""
"3813","OMSFHRgap1",3,"FAGR",44.4,"live",NA,NA,"NO",""
"3814","OMSFHRgap1",4,"ACSA",10.3,"live",NA,NA,"NO",""
"3815","OMSFHRgap1",5,"ACRU",33.6,"stump",0.37,2,"NO",""
"3816","OMSFHRgap1",6,"ACRU",29.4,"live",NA,NA,"NO",""
"3817","OMSFHRgap1",7,"FRAM",57,"stump",0.31,1,"NO",""
"3818","OMSFHRgap1",8,"FAGR",14.3,"snag",13,1,"NO",""
"3819","OMSFHRgap1",9,"FRAM",39.2,"stump",0.42,1,"NO",""
"3820","OMSFHRgap1",10,"FRAM",51.1,"stump",0.39,1,"NO",""
"3821","OMSFHRgap1",11,"ACSA",12.3,"live",NA,NA,"NO",""
"3822","OMSFHRgap1",12,"FRAM",28.1,"stump",0.38,1,"NO",""
"3823","OMSFHRgap1",13,"FAGR",12.7,"stump",0.34,1,"NO",""
"3824","OMSFHRgap1",14,"UNK",58.4,"stump",0.22,2,"NO",""
"3825","OMSFHRgap1",15,"FAGR",19.8,"stump",0.2,3,"NO",""
"3826","OMSFHRgap1",16,"BEAL",41.3,"stump",0.58,1,"NO",""
"3827","OMSFHRgap1",17,"FRAM",42.4,"stump",0.42,1,"NO",""
"3828","OMSFHRgap1",18,"QURU",32.7,"live",NA,NA,"NO",""
"3829","OMSFHRgap1",19,"ACSA",17.8,"live",NA,NA,"NO",""
"3830","OMSFHRgap1",20,"QURU",27.8,"stump",0.3,1,"NO",""
"3831","OMSFHRgap1",21,"FRAM",44.2,"stump",0.32,1,"NO",""
"3832","OMSFHRgap1",22,"FRAM",36.5,"stump",0.44,1,"NO",""
"3833","OMSFHRgap1",23,"ACSA",21.3,"live",NA,NA,"NO",""
"3834","OMSFHRgap1",24,"FAGR",12,"live",NA,NA,"NO",""
"3835","OMSFHRgap1",25,"ACSA",28.5,"live",NA,NA,"NO",""
"3836","OMSFHRgap1",26,"FRAM",61.2,"stump",0.33,1,"NO",""
"3837","OMSFHRgap1",27,"FRAM",39.5,"stump",0.51,1,"NO",""
"3838","OMSFHRgap2",1,"FRAM",29.3,"stump",0.3,1,"NO",""
"3839","OMSFHRgap2",2,"FAGR",23.8,"stump",0.27,2,"NO",""
"3840","OMSFHRgap2",3,"ACRU",21.1,"stump",0.12,3,"NO",""
"3841","OMSFHRgap2",4,"ACRU",47.5,"stump",0.34,1,"NO",""
"3842","OMSFHRgap2",5,"TSCA",24.9,"stump",0.27,1,"NO",""
"3843","OMSFHRgap2",6,"ACRU",40.6,"stump",0.26,2,"NO",""
"3844","OMSFHRgap2",7,"QURU",57.8,"stump",0.34,1,"NO",""
"3845","OMSFHRgap2",8,"FAGR",44.6,"stump",0.22,1,"NO",""
"3846","OMSFHRgap2",9,"TSCA",19.1,"stump",0.37,2,"NO",""
"3847","OMSFHRgap2",10,"ACRU",26.1,"stump",0.27,2,"NO",""
"3848","OMSFHRgap2",11,"ACRU",19.8,"stump",0.23,3,"NO",""
"3849","OMSFHRgap2",12,"UNK",68.9,"stump",0.28,1,"NO",""
"3850","OMSFHRgap2",13,"QURU",38.7,"stump",0.25,1,"NO",""
"3851","OMSFHRgap2",14,"BEAL",29.6,"stump",0.27,1,"NO",""
"3852","OMSFHRgap2",15,"ACRU",45.3,"stump",0.14,2,"NO",""
"3853","OMSFHRgap2",16,"FAGR",25.2,"stump",0.34,1,"NO",""
"3854","OMSFHRgap2",17,"ACRU",53.8,"stump",0.29,1,"NO",""
"3855","OMSFHRgap2",18,"ACRU",43.4,"stump",0.26,1,"NO",""
"3856","OMSFHRgap2",19,"ACRU",51.4,"stump",0.44,3,"NO",""
"3857","OMSFHRgap2",20,"ACRU",48.6,"stump",0.21,1,"NO",""
"3858","OMSFHRgap2",21,"ACRU",33.8,"stump",0.41,1,"NO",""
"3859","OMSFHRgap2",22,"FRAM",45.3,"stump",0.26,1,"NO",""
"3860","OMSFHRgap2",23,"TSCA",21.3,"stump",0.3,1,"NO",""
"3861","OMSFHRgap2",24,"BEAL",11.7,"stump",0.32,1,"NO",""
"3862","OMSFHRgap2",25,"ACRU",28.2,"stump",0.26,2,"NO",""
"3863","OMSFHRgap2",26,"QURU",38.6,"stump",0.27,1,"NO",""
"3864","OMSFHRgap2",27,"QURU",40.7,"stump",0.34,1,"NO",""
"3865","OMSFHRgap3",1,"FRAM",47.4,"stump",0.94,2,"NO",""
"3866","OMSFHRgap3",2,"ACRU",26,"stump",0.54,1,"NO",""
"3867","OMSFHRgap3",3,"ACRU",38.1,"stump",0.25,2,"NO",""
"3868","OMSFHRgap3",4,"ACSA",15.1,"stump",0.34,2,"NO",""
"3869","OMSFHRgap3",5,"QURU",53.7,"stump",0.28,1,"NO",""
"3870","OMSFHRgap3",6,"QURU",46.1,"stump",0.45,1,"NO",""
"3871","OMSFHRgap3",7,"UNK",31.8,"stump",0.41,4,"NO",""
"3872","OMSFHRgap3",8,"ACSA",16.2,"stump",0.42,2,"NO",""
"3873","OMSFHRgap3",9,"ACRU",20.8,"stump",0.24,1,"NO",""
"3874","OMSFHRgap3",10,"QURU",39.7,"stump",0.42,2,"NO",""
"3875","OMSFHRgap3",11,"QURU",50.3,"stump",0.57,1,"NO",""
"3876","OMSFHRgap3",12,"BEPA",30.4,"stump",0.76,3,"NO",""
"3877","OMSFHRgap3",13,"ACRU",41.2,"stump",0.57,2,"NO",""
"3878","OMSFHRgap3",14,"ACRU",57.2,"stump",0.47,1,"NO",""
"3879","OMSFHRgap3",15,"QURU",45.8,"live",NA,NA,"NO",""
"3880","OMSFHRgap3",16,"ACRU",37.3,"stump",0.5,2,"NO",""
"3881","OMSFHRgap3",17,"ACRU",19.7,"stump",0.29,3,"NO",""
"3882","OMSFHRmat1",1,"QURU",25.6,"live",NA,NA,"NO",""
"3883","OMSFHRmat1",2,"ACSA",29.2,"stump",0.24,2,"NO",""
"3884","OMSFHRmat1",3,"ACSA",25.8,"stump",0.28,2,"NO",""
"3885","OMSFHRmat1",4,"FRAM",30.9,"stump",0.29,1,"NO",""
"3886","OMSFHRmat1",5,"BEAL",45.5,"live",NA,NA,"NO",""
"3887","OMSFHRmat1",6,"FAGR",13.1,"live",NA,NA,"NO",""
"3888","OMSFHRmat1",7,"FAGR",35.4,"stump",0.34,1,"NO",""
"3889","OMSFHRmat1",8,"FAGR",31.1,"stump",0.27,1,"NO",""
"3890","OMSFHRmat1",9,"ACRU",54.2,"stump",0.49,2,"NO",""
"3891","OMSFHRmat1",10,"FAGR",11.7,"live",NA,NA,"NO",""
"3892","OMSFHRmat1",11,"ACRU",39.4,"live",NA,NA,"NO",""
"3893","OMSFHRmat1",12,"UNK",35.5,"stump",0.46,4,"NO",""
"3894","OMSFHRmat1",13,"ACRU",48.4,"stump",0.71,1,"NO",""
"3895","OMSFHRmat1",14,"FAGR",13.5,"live",NA,NA,"NO",""
"3896","OMSFHRmat1",15,"FAGR",23.7,"stump",0.32,1,"NO",""
"3897","OMSFHRmat1",16,"FAGR",32,"live",NA,NA,"NO",""
"3898","OMSFHRmat1",17,"ACRU",36.5,"live",NA,NA,"NO",""
"3899","OMSFHRmat1",18,"FAGR",38.9,"stump",0.23,1,"NO",""
"3900","OMSFHRmat1",19,"ACRU",30.6,"stump",0.44,1,"NO",""
"3901","OMSFHRmat2",1,"FRAM",40.6,"stump",0.7,1,"NO",""
"3902","OMSFHRmat2",2,"FRAM",49.1,"stump",0.89,1,"NO",""
"3903","OMSFHRmat2",3,"ACRU",31.5,"live",NA,NA,"NO",""
"3904","OMSFHRmat2",4,"ACRU",16.3,"snag",11,2,"NO",""
"3905","OMSFHRmat2",5,"FAGR",11.5,"live",NA,NA,"NO",""
"3906","OMSFHRmat2",6,"ACRU",39.7,"live",NA,NA,"NO",""
"3907","OMSFHRmat2",7,"ACRU",28.6,"live",NA,NA,"NO",""
"3908","OMSFHRmat2",8,"FAGR",29.8,"stump",0.32,2,"NO",""
"3909","OMSFHRmat2",9,"FAGR",10.4,"stump",0.42,2,"NO",""
"3910","OMSFHRmat2",10,"QURU",52.7,"live",NA,NA,"NO",""
"3911","OMSFHRmat2",11,"ACSA",23.1,"live",NA,NA,"NO",""
"3912","OMSFHRmat2",12,"ACSA",16.4,"live",NA,NA,"NO",""
"3913","OMSFHRmat2",13,"ACRU",36.7,"live",NA,NA,"NO",""
"3914","OMSFHRmat2",14,"ACRU",34.8,"live",NA,NA,"NO",""
"3915","OMSFHRmat2",15,"FAGR",23.4,"stump",0.32,1,"NO",""
"3916","OMSFHRmat2",16,"FAGR",12.7,"live",NA,NA,"NO",""
"3917","OMSFHRmat2",17,"ACRU",38.3,"live",NA,NA,"NO",""
"3918","OMSFHRmat2",18,"FAGR",13,"live",NA,NA,"NO",""
"3919","OMSFHRmat2",19,"FRAM",48.9,"stump",0.28,2,"NO",""
"3920","OMSFHRmat2",20,"FAGR",21.1,"stump",0.2,1,"NO",""
"3921","OMSFHRmat2",21,"FAGR",18,"live",NA,NA,"NO",""
"3922","OMSFHRmat2",22,"FAGR",32.9,"stump",0.26,1,"NO",""
"3923","OMSFHRmat2",23,"QURU",29.6,"stump",0.55,4,"NO",""
"3924","OMSFHRmat2",24,"QURU",41.3,"live",NA,NA,"NO",""
"3925","OMSFHRmat2",25,"FAGR",12.4,"live",NA,NA,"NO",""
"3926","OMSFHRmat3",1,"FRAM",51.6,"stump",0.6,2,"NO",""
"3927","OMSFHRmat3",2,"FRAM",51.5,"stump",0.5,2,"NO",""
"3928","OMSFHRmat3",3,"ACSA",23.7,"live",NA,NA,"NO",""
"3929","OMSFHRmat3",4,"FAGR",11.1,"live",NA,NA,"NO",""
"3930","OMSFHRmat3",5,"FAGR",46.5,"live",NA,NA,"NO",""
"3931","OMSFHRmat3",6,"FRAM",45.7,"live",NA,NA,"NO",""
"3932","OMSFHRmat3",7,"ACPE",11.4,"snag",4.5,2,"NO",""
"3933","OMSFHRmat3",8,"ACPE",15.4,"stump",0.52,3,"NO",""
"3934","OMSFHRmat3",9,"ACPE",10.6,"live",NA,NA,"NO",""
"3935","OMSFHRmat3",10,"ACPE",11.5,"stump",0.43,3,"NO",""
"3936","OMSFHRmat3",11,"FAGR",13.9,"live",NA,NA,"NO",""
"3937","OMSFHRmat3",12,"ACPE",19.1,"stump",0.33,3,"NO",""
"3938","OMSFHRmat3",13,"ACPE",14,"live",NA,NA,"NO",""
"3939","OMSFHRmat3",14,"ACPE",14.2,"snag",6.2,1,"NO",""
"3940","OMSFHRmat3",15,"FAGR",10.7,"live",NA,NA,"NO",""
"3941","OMSFHRmat3",16,"FAGR",15.3,"live",NA,NA,"NO",""
"3942","OMSFSCHgap1",1,"FAGR",24.1,"live",NA,NA,"NO",""
"3943","OMSFSCHgap1",2,"FRAM",70.7,"stump",0.83,2,"NO",""
"3944","OMSFSCHgap1",3,"FRAM",72.5,"stump",0.7,2,"NO",""
"3945","OMSFSCHgap1",4,"FRAM",51.7,"stump",0.74,2,"NO",""
"3946","OMSFSCHgap1",5,"FRAM",58.9,"stump",0.51,2,"NO",""
"3947","OMSFSCHgap1",6,"FRAM",55.6,"stump",0.41,2,"NO",""
"3948","OMSFSCHgap1",7,"FRAM",57.2,"stump",0.74,2,"NO",""
"3949","OMSFSCHgap2",1,"ACSA",37.4,"stump",0.31,2,"NO",""
"3950","OMSFSCHgap2",2,"FAGR",12.6,"stump",0.18,1,"NO",""
"3951","OMSFSCHgap2",3,"ACSA",60.4,"stump",0.61,2,"NO",""
"3952","OMSFSCHgap2",4,"ACSA",58.2,"stump",0.48,2,"NO",""
"3953","OMSFSCHgap2",5,"ACSA",47.8,"stump",0.7,2,"NO",""
"3954","OMSFSCHgap2",6,"ACSA",51.2,"stump",0.43,2,"NO",""
"3955","OMSFSCHgap2",7,"ACSA",54.6,"stump",0.34,2,"NO",""
"3956","OMSFSCHgap2",8,"ACSA",61.7,"stump",0.36,2,"NO",""
"3957","OMSFSCHgap3",1,"ACSA",54.5,"stump",0.23,3,"NO",""
"3958","OMSFSCHgap3",2,"FAGR",19.2,"stump",0.18,2,"NO",""
"3959","OMSFSCHgap3",3,"ACSA",45.9,"stump",0.2,2,"NO",""
"3960","OMSFSCHgap3",4,"ACSA",59.6,"stump",0.34,2,"NO",""
"3961","OMSFSCHgap3",5,"FRAM",52.2,"stump",0.28,2,"NO",""
"3962","OMSFSCHgap3",6,"BEPA",30.7,"stump",0.21,3,"NO",""
"3963","OMSFSCHgap3",7,"ACSA",15.7,"stump",0.23,3,"NO",""
"3964","OMSFSCHgap3",8,"ACSA",16.7,"stump",0.44,3,"NO",""
"3965","OMSFSCHgap3",9,"UNK",59.9,"stump",0.18,3,"NO",""
"3966","OMSFSCHgap3",10,"ACSA",33.7,"stump",0.33,1,"NO",""
"3967","OMSFSCHgap3",11,"UNK",46.7,"stump",0.31,3,"NO",""
"3968","OMSFSCHmat1",1,"FRAM",75.5,"stump",0.8,1,"NO",""
"3969","OMSFSCHmat1",2,"FRAM",68.9,"stump",0.73,1,"NO",""
"3970","OMSFSCHmat1",3,"ACSA",38.5,"live",NA,NA,"NO",""
"3971","OMSFSCHmat1",4,"ACSA",30.7,"live",NA,NA,"NO",""
"3972","OMSFSCHmat1",5,"ACSA",25.5,"snag",7.5,2,"NO",""
"3973","OMSFSCHmat1",6,"FAGR",14.4,"live",NA,NA,"NO",""
"3974","OMSFSCHmat1",7,"FAGR",12.9,"live",NA,NA,"NO",""
"3975","OMSFSCHmat1",8,"ACSA",34.3,"live",NA,NA,"NO",""
"3976","OMSFSCHmat1",9,"PRSE",63.9,"live",NA,NA,"NO",""
"3977","OMSFSCHmat1",10,"ACSA",23.3,"live",NA,NA,"NO",""
"3978","OMSFSCHmat1",11,"FRAM",65.3,"stump",0.36,2,"NO",""
"3979","OMSFSCHmat1",12,"ACSA",29.3,"live",NA,NA,"NO",""
"3980","OMSFSCHmat1",13,"ACSA",47.5,"live",NA,NA,"NO",""
"3981","OMSFSCHmat1",14,"ACSA",53.4,"live",NA,NA,"NO",""
"3982","OMSFSCHmat1",15,"ACSA",39.3,"live",NA,NA,"NO",""
"3983","OMSFSCHmat1",16,"FAGR",26.5,"live",NA,NA,"NO",""
"3984","OMSFSCHmat1",17,"FAGR",13.9,"live",NA,NA,"NO",""
"3985","OMSFSCHmat1",18,"ACSA",30.1,"live",NA,NA,"NO",""
"3986","OMSFSCHmat1",19,"FAGR",11.9,"live",NA,NA,"NO",""
"3987","OMSFSCHmat1",20,"ACSA",44.2,"live",NA,NA,"NO",""
"3988","OMSFSCHmat2",1,"FRAM",55.1,"stump",0.43,2,"NO",""
"3989","OMSFSCHmat2",2,"FRAM",68.6,"stump",0.49,1,"NO",""
"3990","OMSFSCHmat2",3,"FAGR",12.2,"live",NA,NA,"NO",""
"3991","OMSFSCHmat2",4,"ACSA",32.8,"live",NA,NA,"NO",""
"3992","OMSFSCHmat2",5,"ACSA",31.1,"live",NA,NA,"NO",""
"3993","OMSFSCHmat2",6,"FAGR",14.3,"snag",5.2,3,"NO",""
"3994","OMSFSCHmat2",7,"ACSA",36.5,"live",NA,NA,"NO",""
"3995","OMSFSCHmat2",8,"ACSA",28.7,"live",NA,NA,"NO",""
"3996","OMSFSCHmat2",9,"ACSA",50.4,"live",NA,NA,"NO",""
"3997","OMSFSCHmat2",10,"ACSA",31.4,"live",NA,NA,"NO",""
"3998","OMSFSCHmat2",11,"ACSA",44.6,"stump",0.27,2,"NO",""
"3999","OMSFSCHmat2",12,"FAGR",13.3,"live",NA,NA,"NO",""
"4000","OMSFSCHmat2",13,"FAGR",12.3,"live",NA,NA,"NO",""
"4001","OMSFSCHmat2",14,"FAGR",10.2,"live",NA,NA,"NO",""
"4002","OMSFSCHmat2",15,"ACSA",36.4,"live",NA,NA,"NO",""
"4003","OMSFSCHmat2",16,"FRAM",67.7,"stump",0.33,2,"NO",""
"4004","OMSFSCHmat2",17,"ACSA",34.6,"live",NA,NA,"NO",""
"4005","OMSFSCHmat2",18,"FRAM",95.1,"stump",0.63,1,"NO",""
"4006","OMSFSCHmat3",1,"FRAM",59.4,"stump",0.42,1,"NO",""
"4007","OMSFSCHmat3",2,"FAGR",10.9,"live",NA,NA,"NO",""
"4008","OMSFSCHmat3",3,"ACSA",19.1,"live",NA,NA,"NO",""
"4009","OMSFSCHmat3",4,"ACSA",21.6,"live",NA,NA,"NO",""
"4010","OMSFSCHmat3",5,"ACSA",32.7,"live",NA,NA,"NO",""
"4011","OMSFSCHmat3",6,"ACSA",26.6,"live",NA,NA,"NO",""
"4012","OMSFSCHmat3",7,"ACSA",29.6,"live",NA,NA,"NO",""
"4013","OMSFSCHmat3",8,"FRAM",38.2,"snag",13,2,"NO",""
"4014","OMSFSCHmat3",9,"ACSA",42.2,"live",NA,NA,"NO",""
"4015","OMSFSCHmat3",10,"FAGR",22.1,"live",NA,NA,"NO",""
"4016","OMSFSCHmat3",11,"FAGR",13.2,"live",NA,NA,"NO",""
"4017","OMSFSCHmat3",12,"FAGR",18.7,"live",NA,NA,"NO",""
"4018","OMSFSCHmat3",13,"FAGR",15.2,"live",NA,NA,"NO",""
"4019","OMSFSCHmat3",14,"ACSA",19.6,"live",NA,NA,"NO",""
"4020","OMSFSCHmat3",15,"ACSA",18.4,"live",NA,NA,"NO",""
"4021","OMSFSCHmat3",16,"ACSA",46.5,"live",NA,NA,"NO",""
"4022","OMSFSCHmat3",17,"BEAL",27.7,"live",NA,NA,"NO",""
"4023","OMSFSCHmat3",18,"FAGR",23.3,"live",NA,NA,"NO",""
"4024","OMSFSCHmat3",19,"BEPA",29.3,"snag",8.5,3,"NO",""
"4025","OMSFSCHmat3",20,"FAGR",34.1,"snag",4.5,2,"NO",""
"4026","OMSFSCHmat3",21,"FAGR",17.7,"live",NA,NA,"NO",""
"4027","OMSFSCHmat3",22,"ACSA",19.6,"live",NA,NA,"NO",""
"4028","OMSFSCHmat3",23,"ACSA",21.2,"live",NA,NA,"NO",""
"4029","OMSFSCHmat3",24,"FRAM",30.4,"live",NA,NA,"NO",""
"4030","OMSFSCHmat3",25,"FAGR",11.3,"live",NA,NA,"NO",""
"4031","OMSFSCHmat3",26,"FAGR",14.8,"live",NA,NA,"NO",""
"4032","OMSFSCHmat3",27,"ACSA",23.2,"live",NA,NA,"NO",""
"4033","OMSFSCHmat3",28,"BEAL",18.3,"live",NA,NA,"NO",""
"4034","OMSFSCHmat3",29,"ACSA",18.9,"live",NA,NA,"NO",""
"4035","OMSFSCHmat3",30,"FRAM",66.4,"stump",0.39,2,"NO",""
"4036","OMSFSCHmat3",31,"FRAM",67.8,"stump",0.28,1,"NO",""
"4037","OMSFSCHmat3",32,"FAGR",25.6,"stump",0.17,1,"NO",""
"4038","OMSFSH14gap1",1,"UNK",15.3,"stump",0.13,3,"NO",""
"4039","OMSFSH14gap1",2,"FRAM",54,"stump",0.26,2,"NO",""
"4040","OMSFSH14gap1",3,"ACSP",39.2,"stump",0.42,4,"NO",""
"4041","OMSFSH14gap1",4,"ACSA",46.3,"stump",0.37,3,"NO",""
"4042","OMSFSH14gap1",5,"ACSP",61.6,"stump",0.32,3,"NO",""
"4043","OMSFSH14gap1",6,"FRAM",65.8,"stump",0.28,3,"NO",""
"4044","OMSFSH14gap1",7,"ACSP",13.7,"stump",0.14,2,"NO",""
"4045","OMSFSH14gap1",8,"ACSP",38,"stump",0.19,2,"NO",""
"4046","OMSFSH14gap1",9,"FAGR",36.4,"stump",0.2,3,"NO",""
"4047","OMSFSH14gap2",1,"BEAL",18.9,"stump",0.18,3,"NO",""
"4048","OMSFSH14gap2",2,"BEAL",10.6,"stump",0.19,3,"NO",""
"4049","OMSFSH14gap2",3,"BEAL",29.1,"stump",0.21,3,"NO",""
"4050","OMSFSH14gap2",4,"ACSP",58.5,"stump",0.31,3,"NO",""
"4051","OMSFSH14gap2",5,"ACSP",53.9,"stump",0.28,3,"NO",""
"4052","OMSFSH14gap2",6,"BEAL",35.4,"stump",0.22,3,"NO",""
"4053","OMSFSH14gap2",7,"BEAL",39.5,"stump",0.24,3,"NO",""
"4054","OMSFSH14gap2",8,"ACSA",29.3,"stump",0.26,2,"NO",""
"4055","OMSFSH14gap2",9,"BEAL",25.1,"stump",0.14,3,"NO",""
"4056","OMSFSH14gap2",10,"BEAL",13.4,"stump",0.11,3,"NO",""
"4057","OMSFSH14gap2",11,"BEAL",16.9,"stump",0.3,4,"NO",""
"4058","OMSFSH14gap2",12,"BEAL",21.1,"stump",0.13,3,"NO",""
"4059","OMSFSH14gap2",13,"BEAL",33.2,"stump",0.22,2,"NO",""
"4060","OMSFSH14gap2",14,"ACSP",18,"stump",0.18,3,"NO",""
"4061","OMSFSH14gap2",15,"BEAL",36.6,"stump",0.15,3,"NO",""
"4062","OMSFSH14gap3",1,"FAGR",47.9,"stump",0.19,3,"NO",""
"4063","OMSFSH14gap3",2,"ACSA",46.3,"stump",0.21,2,"NO",""
"4064","OMSFSH14gap3",3,"ACSA",25.3,"stump",0.26,3,"NO",""
"4065","OMSFSH14gap3",4,"FRAM",18.2,"stump",0.16,3,"NO",""
"4066","OMSFSH14gap3",5,"FAGR",59.2,"stump",0.24,3,"NO",""
"4067","OMSFSH14gap3",6,"FAGR",14,"stump",0.13,2,"NO",""
"4068","OMSFSH14gap3",7,"FAGR",33.2,"stump",0.27,3,"NO",""
"4069","OMSFSH14mat1",1,"FRAM",56.3,"stump",0.21,2,"NO",""
"4070","OMSFSH14mat1",2,"FRAM",77.2,"stump",0.21,3,"NO",""
"4071","OMSFSH14mat1",3,"ACSA",24.8,"live",NA,NA,"NO",""
"4072","OMSFSH14mat1",4,"BEAL",10.8,"stump",0.13,2,"NO",""
"4073","OMSFSH14mat1",5,"FAGR",13.4,"stump",0.15,3,"NO",""
"4074","OMSFSH14mat1",6,"FAGR",11.6,"live",NA,NA,"NO",""
"4075","OMSFSH14mat1",7,"ACSA",42.1,"live",NA,NA,"NO",""
"4076","OMSFSH14mat1",8,"ACSA",34.9,"live",NA,NA,"NO",""
"4077","OMSFSH14mat1",9,"ACSA",33.4,"live",NA,NA,"NO",""
"4078","OMSFSH14mat1",10,"ACSA",23,"live",NA,NA,"NO",""
"4079","OMSFSH14mat1",11,"FAGR",15.2,"live",NA,NA,"NO",""
"4080","OMSFSH14mat1",12,"ACSA",17.9,"live",NA,NA,"NO",""
"4081","OMSFSH14mat1",13,"FAGR",20,"live",NA,NA,"NO",""
"4082","OMSFSH14mat1",14,"FRAM",42.1,"stump",0.3,2,"NO",""
"4083","OMSFSH14mat1",15,"FRAM",58.6,"stump",0.42,2,"NO",""
"4084","OMSFSH14mat1",16,"ACSA",32.4,"live",NA,NA,"NO",""
"4085","OMSFSH14mat1",17,"FAGR",14.5,"live",NA,NA,"NO",""
"4086","OMSFSH14mat1",18,"ACSA",66.7,"stump",0.44,3,"NO",""
"4087","OMSFSH14mat1",19,"FAGR",17,"live",NA,NA,"NO",""
"4088","OMSFSH14mat1",20,"ACSA",22,"stump",0.4,3,"NO",""
"4089","OMSFSH14mat1",21,"ACSA",62.7,"stump",0.13,2,"NO",""
"4090","OMSFSH14mat1",22,"FAGR",14.7,"live",NA,NA,"NO",""
"4091","OMSFSH14mat1",23,"FAGR",15.2,"live",NA,NA,"NO",""
"4092","OMSFSH14mat1",24,"FAGR",22.6,"stump",0.4,3,"NO",""
"4093","OMSFSH14mat1",25,"ACSA",40.4,"live",NA,NA,"NO",""
"4094","OMSFSH14mat1",26,"ACSA",43.3,"live",NA,NA,"NO",""
"4095","OMSFSH14mat1",27,"ACSA",31.9,"live",NA,NA,"NO",""
"4096","OMSFSH14mat1",28,"ACSA",35.2,"live",NA,NA,"NO",""
"4097","OMSFSH14mat1",29,"FAGR",12.4,"stump",0.11,2,"NO",""
"4098","OMSFSH14mat2",1,"ACSA",51.5,"live",NA,NA,"NO",""
"4099","OMSFSH14mat2",2,"ACSA",13.7,"snag",6.1,2,"NO",""
"4100","OMSFSH14mat2",3,"FAGR",16.2,"live",NA,NA,"NO",""
"4101","OMSFSH14mat2",4,"FAGR",14.2,"live",NA,NA,"NO",""
"4102","OMSFSH14mat2",5,"BEAL",19.5,"live",NA,NA,"NO",""
"4103","OMSFSH14mat2",6,"ACSA",27,"live",NA,NA,"NO",""
"4104","OMSFSH14mat2",7,"BEAL",15.6,"live",NA,NA,"NO",""
"4105","OMSFSH14mat2",8,"ACSA",23.8,"live",NA,NA,"NO",""
"4106","OMSFSH14mat2",9,"ACSA",47.2,"stump",0.19,2,"NO",""
"4107","OMSFSH14mat2",10,"ACSA",71.2,"live",0.27,2,"NO",""
"4108","OMSFSH14mat2",11,"FAGR",19.1,"live",NA,NA,"NO",""
"4109","OMSFSH14mat2",12,"ACSA",44,"snag",3,4,"NO",""
"4110","OMSFSH14mat2",13,"FAGR",22.2,"live",NA,NA,"NO",""
"4111","OMSFSH14mat2",14,"ACSA",55.6,"live",NA,NA,"NO",""
"4112","OMSFSH14mat2",15,"ACSA",47.9,"live",NA,NA,"NO",""
"4113","OMSFSH14mat2",16,"FAGR",11.9,"live",NA,NA,"NO",""
"4114","OMSFSH14mat2",17,"FRAM",52.6,"live",NA,NA,"NO",""
"4115","OMSFSH14mat2",18,"FAGR",18.2,"live",NA,NA,"NO",""
"4116","OMSFSH14mat2",19,"FAGR",18.4,"live",NA,NA,"NO",""
"4117","OMSFSH14mat2",20,"BEAL",11.1,"stump",0.1,3,"NO",""
"4118","OMSFSH14mat2",21,"FRAM",56.5,"stump",0.24,3,"NO",""
"4119","OMSFSH14mat2",22,"FRAM",31.4,"stump",0.2,2,"NO",""
"4120","OMSFSH14mat2",23,"FAGR",13.1,"live",NA,NA,"NO",""
"4121","OMSFSH14mat3",1,"FRAM",45,"stump",0.9,2,"NO",""
"4122","OMSFSH14mat3",2,"FRAM",43.8,"stump",0.79,2,"NO",""
"4123","OMSFSH14mat3",3,"FAGR",23.5,"live",NA,NA,"NO",""
"4124","OMSFSH14mat3",4,"ACSP",19.3,"stump",0.69,4,"NO",""
"4125","OMSFSH14mat3",5,"ACSA",49.5,"stump",0.73,4,"NO",""
"4126","OMSFSH14mat3",6,"ACSA",41.6,"snag",6.1,3,"NO",""
"4127","OMSFSH14mat3",7,"FAGR",14.9,"live",NA,NA,"NO",""
"4128","OMSFSH14mat3",8,"ACSA",60,"live",NA,NA,"NO",""
"4129","OMSFSH14mat3",9,"FAGR",10.3,"live",NA,NA,"NO",""
"4130","OMSFSH14mat3",10,"FAGR",37.9,"live",NA,NA,"NO",""
"4131","OMSFSH14mat3",11,"FAGR",34.7,"live",NA,NA,"NO",""
"4132","OMSFSH14mat3",12,"FAGR",11.1,"live",NA,NA,"NO",""
"4133","OMSFSH14mat3",13,"FAGR",32.2,"snag",9.14,3,"NO",""
"4134","OMSFSH14mat3",14,"ACSA",14.5,"live",NA,NA,"NO",""
"4135","OMSFSH14mat3",15,"FRAM",54,"live",NA,NA,"NO",""
"4136","OMSFSH17gap1",1,"ACSA",57,"stump",0.35,1,"NO",""
"4137","OMSFSH17gap1",2,"ACSA",41.7,"stump",0.2,2,"NO",""
"4138","OMSFSH17gap1",3,"FAGR",46.1,"stump",0.42,1,"NO",""
"4139","OMSFSH17gap1",4,"FAGR",44.2,"stump",0.17,1,"NO",""
"4140","OMSFSH17gap1",5,"FAGR",36.4,"stump",0.2,1,"NO",""
"4141","OMSFSH17gap1",6,"FAGR",27.3,"stump",0.19,1,"NO",""
"4142","OMSFSH17gap1",7,"FAGR",16.7,"stump",0.15,1,"NO",""
"4143","OMSFSH17gap1",8,"ACSA",23,"stump",0.17,1,"NO",""
"4144","OMSFSH17gap1",9,"FAGR",14.1,"stump",0.24,1,"NO",""
"4145","OMSFSH17gap1",10,"FAGR",11.2,"stump",0.21,1,"NO",""
"4146","OMSFSH17gap1",11,"ACSA",11.2,"stump",0.22,1,"NO",""
"4147","OMSFSH17gap1",12,"BEAL",29.7,"stump",0.45,1,"NO",""
"4148","OMSFSH17gap1",13,"FAGR",14.7,"stump",0.18,1,"NO",""
"4149","OMSFSH17gap1",14,"ACSA",13.2,"stump",0.22,1,"NO",""
"4150","OMSFSH17gap1",15,"ACSA",70.3,"stump",0.39,1,"NO",""
"4151","OMSFSH17gap1",16,"FAGR",59,"stump",0.38,1,"NO",""
"4152","OMSFSH17gap1",17,"FAGR",54.3,"stump",0.16,1,"NO",""
"4153","OMSFSH17gap1",18,"ACSA",11.8,"stump",0.13,1,"NO",""
"4154","OMSFSH17gap1",19,"FAGR",27.4,"stump",0.3,1,"NO",""
"4155","OMSFSH17gap1",20,"FAGR",12,"stump",0.17,2,"NO",""
"4156","OMSFSH17gap2",1,"ACSA",15.8,"stump",0.22,1,"NO",""
"4157","OMSFSH17gap2",2,"FAGR",23.1,"stump",0.21,1,"NO",""
"4158","OMSFSH17gap2",3,"BEAL",28.2,"live",NA,NA,"NO",""
"4159","OMSFSH17gap2",4,"FRAM",42.5,"stump",0.23,1,"NO",""
"4160","OMSFSH17gap2",5,"FAGR",13.5,"stump",0.25,3,"NO",""
"4161","OMSFSH17gap2",6,"ACSA",13.4,"live",NA,NA,"NO",""
"4162","OMSFSH17gap2",7,"FAGR",13.8,"live",NA,NA,"NO",""
"4163","OMSFSH17gap2",8,"FAGR",16.2,"live",NA,NA,"NO",""
"4164","OMSFSH17gap2",9,"ACSA",12.4,"live",NA,NA,"NO",""
"4165","OMSFSH17gap2",10,"FRAM",12.5,"stump",0.66,2,"NO",""
"4166","OMSFSH17gap2",11,"FAGR",47.3,"stump",0.26,1,"NO",""
"4167","OMSFSH17gap2",12,"BEAL",49.4,"live",NA,NA,"NO",""
"4168","OMSFSH17gap2",13,"FAGR",18,"live",NA,NA,"NO",""
"4169","OMSFSH17gap2",14,"ACPE",10.4,"live",NA,NA,"NO",""
"4170","OMSFSH17gap2",15,"FRAM",35.2,"stump",0.32,1,"NO",""
"4171","OMSFSH17gap2",16,"FAGR",45.7,"stump",0.24,1,"NO",""
"4172","OMSFSH17gap2",17,"FAGR",26.4,"snag",1.5,4,"NO",""
"4173","OMSFSH17gap2",18,"FAGR",32.5,"stump",0.31,1,"NO",""
"4174","OMSFSH17gap2",19,"BEAL",26.7,"live",NA,NA,"NO",""
"4175","OMSFSH17gap2",20,"ACSA",25.2,"live",NA,NA,"NO",""
"4176","OMSFSH17gap2",21,"FAGR",33.4,"stump",0.28,1,"NO",""
"4177","OMSFSH17gap2",22,"FRAM",11.4,"snag",5.5,2,"NO",""
"4178","OMSFSH17gap3",1,"FRAM",39.5,"stump",0.29,1,"NO",""
"4179","OMSFSH17gap3",2,"FAGR",40,"stump",0.32,1,"NO",""
"4180","OMSFSH17gap3",3,"FAGR",32.7,"stump",0.26,3,"NO",""
"4181","OMSFSH17gap3",4,"FAGR",18.3,"stump",0.21,1,"NO",""
"4182","OMSFSH17gap3",5,"FAGR",26,"stump",0.15,1,"NO",""
"4183","OMSFSH17gap3",6,"ACRU",58.5,"stump",0.31,1,"NO",""
"4184","OMSFSH17gap3",7,"FRAM",32.1,"stump",0.33,1,"NO",""
"4185","OMSFSH17gap3",8,"ACRU",36.9,"live",NA,NA,"NO",""
"4186","OMSFSH17gap3",9,"FAGR",12.1,"stump",0.24,1,"NO",""
"4187","OMSFSH17gap3",10,"ACSA",23.2,"stump",0.21,1,"NO",""
"4188","OMSFSH17gap3",11,"FAGR",27.6,"stump",0.23,2,"NO",""
"4189","OMSFSH17gap3",12,"FAGR",26.6,"stump",0.2,1,"NO",""
"4190","OMSFSH17gap3",13,"BEAL",52.6,"live",NA,NA,"NO",""
"4191","OMSFSH17gap3",14,"FRAM",41.6,"stump",0.22,1,"NO",""
"4192","OMSFSH17gap3",15,"UNK",22,"stump",0.07,5,"NO",""
"4193","OMSFSH17gap3",16,"ACRU",34.7,"live",NA,NA,"NO",""
"4194","OMSFSH17gap3",17,"FRAM",23.9,"snag",6.1,3,"NO",""
"4195","OMSFSH17gap3",18,"FAGR",12.7,"live",NA,NA,"NO",""
"4196","OMSFSH17gap3",19,"FRAM",25.8,"stump",0.27,1,"NO",""
"4197","OMSFSH17gap3",20,"FRAM",27.3,"stump",0.26,1,"NO",""
"4198","OMSFSH17gap3",21,"FAGR",29,"stump",0.25,1,"NO",""
"4199","OMSFSH17gap3",22,"UNK",13.5,"stump",0.18,4,"NO",""
"4200","OMSFSH17gap3",23,"FAGR",10.2,"live",NA,NA,"NO",""
"4201","OMSFSH17gap3",24,"FAGR",40,"stump",0.34,1,"NO",""
"4202","OMSFSH17gap3",25,"FAGR",11.1,"live",NA,NA,"NO",""
"4203","OMSFSH17gap3",26,"PISP",10.8,"live",NA,NA,"NO",""
"4204","OMSFSH17gap3",27,"FAGR",33.7,"stump",0.2,1,"NO",""
"4205","OMSFSH17gap3",28,"FAGR",15.1,"live",NA,NA,"NO",""
"4206","OMSFSH17gap3",29,"FAGR",30.4,"stump",0.24,1,"NO",""
"4207","OMSFSH17gap3",30,"FAGR",20.1,"stump",0.21,1,"NO",""
"4208","OMSFSH17mat1",1,"FRAM",41.6,"stump",0.45,1,"NO",""
"4209","OMSFSH17mat1",2,"ACRU",33.8,"live",NA,NA,"NO",""
"4210","OMSFSH17mat1",3,"BEAL",59.3,"live",NA,NA,"NO",""
"4211","OMSFSH17mat1",4,"FAGR",12.4,"snag",3.66,3,"NO",""
"4212","OMSFSH17mat1",5,"FAGR",12.9,"live",NA,NA,"NO",""
"4213","OMSFSH17mat1",6,"BEAL",17.4,"live",NA,NA,"NO",""
"4214","OMSFSH17mat1",7,"BEAL",39.5,"live",NA,NA,"NO",""
"4215","OMSFSH17mat1",8,"BEAL",48.1,"live",NA,NA,"NO",""
"4216","OMSFSH17mat1",9,"ACSA",12.5,"live",NA,NA,"NO",""
"4217","OMSFSH17mat1",10,"FRAM",21.8,"snag",13.7,1,"NO",""
"4218","OMSFSH17mat1",11,"FRAM",20.7,"live",NA,NA,"NO",""
"4219","OMSFSH17mat1",12,"ACSA",10.8,"live",NA,NA,"NO",""
"4220","OMSFSH17mat1",13,"BEAL",27.1,"live",NA,NA,"NO",""
"4221","OMSFSH17mat1",14,"UNK",55.3,"snag",0.06,5,"NO",""
"4222","OMSFSH17mat1",15,"FRAM",13.4,"live",NA,NA,"NO",""
"4223","OMSFSH17mat2",1,"FRAM",45.5,"stump",0.36,1,"NO",""
"4224","OMSFSH17mat2",2,"ACRU",57.2,"live",NA,NA,"NO",""
"4225","OMSFSH17mat2",3,"FAGR",40.5,"live",NA,NA,"NO",""
"4226","OMSFSH17mat2",4,"ACSA",30.9,"live",NA,NA,"NO",""
"4227","OMSFSH17mat2",5,"FAGR",17.4,"stump",0.39,3,"NO",""
"4228","OMSFSH17mat2",6,"FRAM",28.4,"stump",0.22,2,"NO",""
"4229","OMSFSH17mat2",7,"FAGR",22.6,"stump",0.05,5,"NO",""
"4230","OMSFSH17mat2",8,"FAGR",31.3,"stump",0.41,2,"NO",""
"4231","OMSFSH17mat2",9,"BEAL",20.4,"live",NA,NA,"NO",""
"4232","OMSFSH17mat2",10,"BEAL",29,"live",NA,NA,"NO",""
"4233","OMSFSH17mat2",11,"BEAL",12.6,"live",NA,NA,"NO",""
"4234","OMSFSH17mat2",12,"BEAL",10.6,"stump",0.49,4,"NO",""
"4235","OMSFSH17mat2",13,"ACRU",19,"live",NA,NA,"NO",""
"4236","OMSFSH17mat2",14,"ACRU",34.7,"live",NA,NA,"NO",""
"4237","OMSFSH17mat2",15,"BEAL",11.9,"stump",0.13,3,"NO",""
"4238","OMSFSH17mat2",16,"BEAL",26.4,"live",NA,NA,"NO",""
"4239","OMSFSH17mat2",17,"FRAM",33.6,"stump",0.41,1,"NO",""
"4240","OMSFSH17mat2",18,"FRAM",19.6,"live",NA,NA,"NO",""
"4241","OMSFSH17mat2",19,"BEPA",22.2,"live",NA,NA,"NO",""
"4242","OMSFSH17mat2",20,"PRSE",24,"live",NA,NA,"NO",""
"4243","OMSFSH17mat2",21,"FAGR",38.7,"live",NA,NA,"NO",""
"4244","OMSFSH17mat2",22,"FAGR",13.5,"live",NA,NA,"NO",""
"4245","OMSFSH17mat2",23,"FRAM",14.4,"live",NA,NA,"NO",""
"4246","OMSFSH17mat2",24,"ACSA",18.8,"live",NA,NA,"NO",""
"4247","OMSFSH17mat2",25,"BEAL",13.2,"snag",3.66,1,"NO",""
"4248","OMSFSH17mat2",26,"BEAL",27.3,"stump",0.59,4,"NO",""
"4249","OMSFSH17mat2",27,"BEAL",48.7,"stump",0.44,2,"NO",""
"4250","OMSFSH17mat2",28,"BEAL",32.7,"live",NA,NA,"NO",""
"4251","OMSFSH17mat2",29,"FAGR",44.5,"stump",0.86,4,"NO",""
"4252","OMSFSH17mat2",30,"BEAL",20,"live",NA,NA,"NO",""
"4253","OMSFSH17mat2",31,"FAGR",18.2,"live",NA,NA,"NO",""
"4254","OMSFSH17mat3",1,"FRAM",43.6,"stump",0.23,2,"NO",""
"4255","OMSFSH17mat3",2,"FRAM",73.2,"stump",0.2,2,"NO",""
"4256","OMSFSH17mat3",3,"ACSA",18.3,"live",NA,NA,"NO",""
"4257","OMSFSH17mat3",4,"FAGR",22.9,"stump",0.18,1,"NO",""
"4258","OMSFSH17mat3",5,"ACSA",42.4,"stump",0.12,2,"NO",""
"4259","OMSFSH17mat3",6,"FAGR",23.5,"stump",0.14,1,"NO",""
"4260","OMSFSH17mat3",7,"ACSA",34.6,"live",NA,NA,"NO",""
"4261","OMSFSH17mat3",8,"FRAM",57.2,"stump",0.2,3,"NO",""
"4262","OMSFSH17mat3",9,"ACSA",18.6,"live",NA,NA,"NO",""
"4263","OMSFSH17mat3",10,"FAGR",13.5,"stump",0.21,1,"NO",""
"4264","OMSFSH17mat3",11,"FAGR",40.1,"stump",0.12,1,"NO",""
"4265","OMSFSH17mat3",12,"FAGR",15.1,"live",NA,NA,"NO",""
"4266","OMSFSH17mat3",13,"FAGR",13.1,"snag",2.44,4,"NO",""
"4267","OMSFSH17mat3",14,"FAGR",17.3,"snag",3,1,"NO",""
"4268","OMSFSH17mat3",15,"ACSA",40,"live",NA,NA,"NO",""
"4269","OMSFSH17mat3",16,"FAGR",26.2,"live",NA,NA,"NO",""
"4270","OMSFSH17mat3",17,"FAGR",22,"live",NA,NA,"NO",""
"4271","OMSFSH17mat3",18,"FAGR",11.1,"live",NA,NA,"NO",""
"4272","OMSFSH17mat3",19,"BEAL",50,"stump",0.35,2,"NO",""
"4273","OMSFSH17mat3",20,"ACSA",36.3,"live",NA,NA,"NO",""
"4274","OMSFSH17mat3",21,"ACSA",15.6,"snag",6.7,1,"NO",""
"4275","OMSFSH17mat3",22,"ACPE",13.3,"snag",4.6,3,"NO",""
"4276","OMSFSH17mat3",23,"FAGR",14.8,"live",NA,NA,"NO",""
"4277","OMSFSH17mat3",24,"FRAM",63.6,"stump",0.1,2,"NO",""
"4278","OMSFSH17mat3",25,"ACSA",27.2,"live",NA,NA,"NO",""
"4279","OSFCD1gap1",1,"UNK",22.6,"stump",0.17,3,"NO",""
"4280","OSFCD1gap1",2,"FRAM",76.2,"stump",0.25,2,"NO",""
"4281","OSFCD1gap1",3,"ACSA",25.1,"live",NA,NA,"NO",""
"4282","OSFCD1gap1",4,"ACSA",45.4,"stump",0.27,2,"NO",""
"4283","OSFCD1gap1",5,"ACSA",18.6,"stump",0.09,2,"NO",""
"4284","OSFCD1gap1",6,"ACSA",24.6,"live",NA,NA,"NO",""
"4285","OSFCD1gap1",7,"ACSA",36.8,"snag",19,2,"NO",""
"4286","OSFCD1gap1",8,"ACSA",29.2,"live",NA,NA,"NO",""
"4287","OSFCD1gap1",9,"ULSP",39.1,"stump",0.21,2,"NO",""
"4288","OSFCD1gap1",10,"ACSA",18.8,"live",NA,NA,"NO",""
"4289","OSFCD1gap1",11,"ACSA",29.9,"live",NA,NA,"NO",""
"4290","OSFCD1gap1",12,"UNK",20.6,"stump",0.52,3,"NO",""
"4291","OSFCD1gap1",13,"FRAM",59.8,"stump",0.37,1,"NO",""
"4292","OSFCD1gap1",14,"ACSA",16,"stump",0.06,2,"NO",""
"4293","OSFCD1gap1",15,"FRAM",38.2,"stump",0.19,1,"NO",""
"4294","OSFCD1gap1",16,"ACSA",39.5,"stump",0.18,2,"NO",""
"4295","OSFCD1gap2",1,"BELE",39.8,"live",NA,NA,"NO","black birch"
"4296","OSFCD1gap2",2,"FRAM",62.4,"stump",0.13,2,"NO",""
"4297","OSFCD1gap2",3,"ACSP2",30.6,"stump",0.09,2,"NO",""
"4298","OSFCD1gap2",4,"ACSA",58,"live",NA,NA,"NO",""
"4299","OSFCD1gap2",5,"ACSA",45,"live",NA,NA,"NO",""
"4300","OSFCD1gap2",6,"UNK",12.3,"stump",0.3,3,"NO",""
"4301","OSFCD1gap2",7,"FAGR",47.3,"stump",0.21,2,"NO",""
"4302","OSFCD1gap2",8,"UNK",41.7,"stump",0.18,4,"NO",""
"4303","OSFCD1gap2",9,"FRAM",64.9,"stump",0.24,2,"NO",""
"4304","OSFCD1gap2",10,"FRAM",67.7,"stump",0.35,2,"NO",""
"4305","OSFCD1gap2",11,"ACSA",32.4,"live",NA,NA,"NO",""
"4306","OSFCD1gap2",12,"FRAM",49.4,"stump",0.17,1,"NO",""
"4307","OSFCD1gap2",13,"PIST",18.4,"stump",0.22,1,"NO",""
"4308","OSFCD1gap2",14,"PIST",18.4,"stump",0.22,1,"NO",""
"4309","OSFCD1gap2",15,"FRAM",66.4,"stump",0.1,2,"NO",""
"4310","OSFCD1gap2",16,"ACSA",20,"live",NA,NA,"NO",""
"4311","OSFCD1gap2",17,"FRAM",79.5,"stump",0.29,1,"NO",""
"4312","OSFCD1gap2",18,"ACSA",36.9,"live",NA,NA,"NO",""
"4313","OSFCD1gap2",19,"UNK",46.2,"stump",0.06,2,"NO",""
"4314","OSFCD1gap2",20,"UNK",27.2,"stump",0.1,3,"NO",""
"4315","OSFCD1gap2",21,"UNK",9.4,"stump",0.14,2,"NO",""
"4316","OSFCD1gap2",22,"UNK",23.7,"stump",0.09,2,"NO",""
"4317","OSFCD1gap3",1,"FRAM",68.2,"stump",0.05,1,"NO",""
"4318","OSFCD1gap3",2,"ACSA",22.5,"live",NA,NA,"NO",""
"4319","OSFCD1gap3",3,"ACRU",44.7,"stump",0.24,2,"NO",""
"4320","OSFCD1gap3",4,"ACRU",28.2,"stump",0.16,1,"NO",""
"4321","OSFCD1gap3",5,"FRAM",68.2,"stump",0.6,1,"NO",""
"4322","OSFCD1gap3",6,"ACSA",21.1,"live",NA,NA,"NO",""
"4323","OSFCD1gap3",7,"ACRU",22.4,"live",NA,NA,"NO",""
"4324","OSFCD1gap3",8,"TSCA",23.5,"live",NA,NA,"NO",""
"4325","OSFCD1gap3",9,"ACSA",27.3,"live",NA,NA,"NO",""
"4326","OSFCD1gap3",10,"ACSA",15,"stump",0.15,2,"NO",""
"4327","OSFCD1gap3",11,"ACSA",41.4,"stump",0.23,2,"NO",""
"4328","OSFCD1gap3",12,"BELE",29.1,"live",NA,NA,"NO",""
"4329","OSFCD1gap3",13,"BEAL",16.6,"live",NA,NA,"NO",""
"4330","OSFCD1gap3",14,"FRAM",13.8,"stump",0.22,1,"NO",""
"4331","OSFCD1gap3",15,"FRAM",19.9,"live",NA,NA,"NO",""
"4332","OSFCD1gap3",16,"ACSA",12.7,"live",NA,NA,"NO",""
"4333","OSFCD1gap3",17,"FRAM",30.3,"live",NA,NA,"YES",""
"4334","OSFCD1gap3",18,"FRAM",51.8,"stump",0.59,1,"NO",""
"4335","OSFCD1gap3",19,"ACSA",11.6,"stump",0.21,1,"NO",""
"4336","OSFCD1gap3",20,"BELE",14.9,"live",NA,NA,"NO",""
"4337","OSFCD1gap3",21,"BELE",16.9,"live",NA,NA,"NO",""
"4338","OSFCD1gap3",22,"ACRU",16.5,"stump",0.21,1,"NO",""
"4339","OSFCD1mat1",1,"ACSA",14.9,"stump",0.23,1,"NO",""
"4340","OSFCD1mat1",2,"FRAM",65.4,"live",NA,NA,"NO",""
"4341","OSFCD1mat1",3,"ACSA",83.7,"stump",0.23,2,"NO",""
"4342","OSFCD1mat1",4,"ACSA",61.4,"stump",0.29,2,"NO",""
"4343","OSFCD1mat1",5,"FRAM",69.2,"stump",0.06,1,"NO",""
"4344","OSFCD1mat1",6,"ACSA",11.5,"live",NA,NA,"NO",""
"4345","OSFCD1mat1",7,"ACSA",14.3,"live",NA,NA,"NO",""
"4346","OSFCD1mat1",8,"ACSA",26,"live",NA,NA,"NO",""
"4347","OSFCD1mat1",9,"FRAM",24.7,"live",NA,NA,"NO",""
"4348","OSFCD1mat1",10,"ACSA",26.5,"live",NA,NA,"NO",""
"4349","OSFCD1mat1",11,"ACSA",16.5,"stump",0.13,1,"NO",""
"4350","OSFCD1mat1",12,"ACSA",13.5,"stump",0.14,1,"NO",""
"4351","OSFCD1mat1",13,"ACSA",46.9,"stump",0.27,1,"NO",""
"4352","OSFCD1mat1",14,"FRAM",43.6,"live",NA,NA,"NO",""
"4353","OSFCD1mat1",15,"ACSA",23.3,"live",NA,NA,"NO",""
"4354","OSFCD1mat1",16,"ACSA",62.4,"live",NA,NA,"NO",""
"4355","OSFCD1mat1",17,"ACSA",14.9,"stump",0.15,2,"NO",""
"4356","OSFCD1mat1",18,"ACSA",11.1,"stump",0.12,1,"NO",""
"4357","OSFCD1mat1",19,"ACSA",18.4,"stump",0.17,2,"NO",""
"4358","OSFCD1mat1",20,"FRAM",70.4,"stump",0.35,1,"NO",""
"4359","OSFCD1mat1",21,"ACSA",21.7,"stump",0.1,2,"NO",""
"4360","OSFCD1mat1",22,"ACSA",63.9,"stump",0.19,1,"NO",""
"4361","OSFCD1mat1",23,"UNK",16.3,"stump",0.26,4,"NO",""
"4362","OSFCD1mat2",1,"TSCA",57.3,"live",NA,NA,"NO",""
"4363","OSFCD1mat2",2,"TSCA",34.8,"stump",0.16,3,"NO",""
"4364","OSFCD1mat2",3,"ACRU",44.3,"live",NA,NA,"YES",""
"4365","OSFCD1mat2",4,"BELE",18.4,"live",NA,NA,"NO",""
"4366","OSFCD1mat2",5,"ACSA",13.3,"live",NA,NA,"NO",""
"4367","OSFCD1mat2",6,"UNK",51.9,"stump",0.28,4,"NO",""
"4368","OSFCD1mat2",7,"ACRU",35.5,"snag",3.5,1,"NO",""
"4369","OSFCD1mat2",8,"ACSA",12.9,"live",NA,NA,"NO",""
"4370","OSFCD1mat2",9,"ACRU",31.8,"live",NA,NA,"NO",""
"4371","OSFCD1mat2",10,"ACRU",20.6,"snag",5.5,2,"NO",""
"4372","OSFCD1mat2",11,"FRAM",30.9,"live",NA,NA,"NO",""
"4373","OSFCD1mat2",12,"FAGR",12.2,"snag",6,1,"NO",""
"4374","OSFCD1mat2",13,"ACSA",17.5,"live",NA,NA,"NO",""
"4375","OSFCD1mat2",14,"FRAM",33.2,"live",NA,NA,"YES",""
"4376","OSFCD1mat2",15,"UNK",22.2,"stump",0.19,4,"NO",""
"4377","OSFCD1mat2",16,"ACSA",11.5,"live",NA,NA,"NO",""
"4378","OSFCD1mat2",17,"FRAM",36.9,"stump",0.94,1,"NO",""
"4379","OSFCD1mat2",18,"FRAM",81.2,"live",NA,NA,"NO",""
"4380","OSFCD1mat2",19,"ACSA",28.5,"live",NA,NA,"NO",""
"4381","OSFCD1mat2",20,"ACSA",11.3,"live",NA,NA,"NO",""
"4382","OSFCD1mat3",1,"FRAM",21,"live",NA,NA,"NO",""
"4383","OSFCD1mat3",2,"ACSA",26,"live",NA,NA,"NO",""
"4384","OSFCD1mat3",3,"FRAM",61.2,"stump",0.26,1,"NO",""
"4385","OSFCD1mat3",4,"ACSA",19.4,"stump",0.23,1,"NO",""
"4386","OSFCD1mat3",5,"ACSA",14.4,"stump",0.17,1,"NO",""
"4387","OSFCD1mat3",6,"ACSA",41.9,"stump",0.53,1,"NO",""
"4388","OSFCD1mat3",7,"ACSA",26.9,"live",NA,NA,"NO",""
"4389","OSFCD1mat3",8,"ACSA",25.4,"live",NA,NA,"NO",""
"4390","OSFCD1mat3",9,"ACSA",30,"live",NA,NA,"NO",""
"4391","OSFCD1mat3",10,"ACSA",20.8,"stump",0.15,2,"NO",""
"4392","OSFCD1mat3",11,"TSCA",13.8,"stump",0.13,1,"NO",""
"4393","OSFCD1mat3",12,"TSCA",28.7,"live",NA,NA,"NO",""
"4394","OSFCD1mat3",13,"TSCA",19.2,"live",NA,NA,"NO",""
"4395","OSFCD1mat3",14,"ACSA",24.4,"live",NA,NA,"NO",""
"4396","OSFCD1mat3",15,"FAGR",14.8,"live",NA,NA,"NO",""
"4397","OSFCD1mat3",16,"UNK",41.4,"stump",0.26,4,"NO",""
"4398","OSFCD1mat3",17,"ACRU",33.5,"live",NA,NA,"YES",""
"4399","OSFCD1mat3",18,"TSCA",18.1,"snag",6,2,"NO",""
"4400","OSFCD1mat3",19,"UNK",11.2,"stump",0.24,3,"NO",""
"4401","OSFCD1mat3",20,"TSCA",25.1,"live",NA,NA,"NO",""
"4402","OSFCD1mat3",21,"ACSA",24.7,"live",NA,NA,"NO",""
"4403","OSFCD1mat3",22,"FRAM",37.3,"stump",0.09,1,"NO",""
"4404","OSFCD1mat3",23,"ACSA",24.7,"live",NA,NA,"NO",""
"4405","OSFCD1mat3",24,"FRAM",62.7,"stump",0.14,1,"NO",""
"4406","OSFCD1mat3",25,"ACSA",10.7,"live",NA,NA,"NO",""
"4407","OSFCD1mat3",26,"ACSA",33.2,"live",NA,NA,"NO",""
"4408","OSFCD1mat3",27,"FRAM",28.8,"live",NA,NA,"NO",""
"4409","OSFCD1mat3",28,"TSCA",11.5,"live",NA,NA,"NO",""
"4410","OSFCD1mat3",29,"ACSA",20.6,"live",NA,NA,"NO",""
"4411","OSFCD1mat3",30,"TSCA",24.3,"stump",0.23,1,"NO",""
"4412","OSFCD1mat3",31,"TSCA",12,"stump",0.2,1,"NO",""
"4413","OSFCD1mat3",32,"TSCA",13.1,"stump",0.11,1,"NO",""
"4414","OSFCD3unh1",1,"ACSA",49.7,"live",NA,NA,"YES",""
"4415","OSFCD3unh1",2,"ACRU",44.8,"live",NA,NA,"YES",""
"4416","OSFCD3unh1",3,"FAGR",10.8,"live",NA,NA,"YES",""
"4417","OSFCD3unh1",4,"FAGR",12.2,"live",NA,NA,"YES",""
"4418","OSFCD3unh1",5,"ACSA",13,"live",NA,NA,"NO",""
"4419","OSFCD3unh1",6,"ACSA",15.5,"snag",10,2,"NO",""
"4420","OSFCD3unh1",7,"ACSA",24.3,"live",NA,NA,"NO",""
"4421","OSFCD3unh1",8,"FAGR",16.4,"live",NA,NA,"YES",""
"4422","OSFCD3unh1",9,"UNK",29.5,"stump",0.21,5,"NO",""
"4423","OSFCD3unh1",10,"FAGR",12.6,"snag",10,1,"NO",""
"4424","OSFCD3unh1",11,"ACSA",22.2,"live",NA,NA,"NO",""
"4425","OSFCD3unh1",12,"FRAM",34.6,"live",NA,NA,"NO",""
"4426","OSFCD3unh1",13,"FRAM",32.3,"live",NA,NA,"NO",""
"4427","OSFCD3unh1",14,"ACSA",41.5,"live",NA,NA,"NO",""
"4428","OSFCD3unh1",15,"ACSA",10.4,"live",NA,NA,"NO",""
"4429","OSFCD3unh1",16,"ACRU",44.1,"live",NA,NA,"NO",""
"4430","OSFCD3unh1",17,"ACSA",31.9,"live",NA,NA,"NO",""
"4431","OSFCD3unh1",18,"FAGR",19.3,"live",NA,NA,"YES",""
"4432","OSFCD3unh1",19,"ACRU",44.2,"live",NA,NA,"YES",""
"4433","OSFCD3unh1",20,"UNK",29.1,"stump",0.22,4,"NO",""
"4434","OSFCD3unh2",1,"FRAM",54.8,"live",NA,NA,"NO",""
"4435","OSFCD3unh2",2,"FAGR",15.6,"live",NA,NA,"NO",""
"4436","OSFCD3unh2",3,"FAGR",13.5,"live",NA,NA,"NO",""
"4437","OSFCD3unh2",4,"TSCA",29.2,"live",NA,NA,"NO",""
"4438","OSFCD3unh2",5,"TSCA",17.5,"snag",4,1,"NO",""
"4439","OSFCD3unh2",6,"TSCA",28,"live",NA,NA,"NO",""
"4440","OSFCD3unh2",7,"FRAM",48.3,"live",NA,NA,"NO",""
"4441","OSFCD3unh2",8,"ACSA",13,"live",NA,NA,"NO",""
"4442","OSFCD3unh2",9,"FAGR",23.5,"snag",5,2,"NO",""
"4443","OSFCD3unh2",10,"PRSE",13.6,"live",NA,NA,"NO",""
"4444","OSFCD3unh2",11,"PRSE",32.1,"live",NA,NA,"NO",""
"4445","OSFCD3unh2",12,"PRSE",11.9,"snag",10,2,"NO",""
"4446","OSFCD3unh2",13,"PRSE",20.7,"stump",0.16,3,"NO",""
"4447","OSFCD3unh2",14,"FRAM",47.4,"live",NA,NA,"YES",""
"4448","OSFCD3unh2",15,"ACSA",20.4,"live",NA,NA,"NO",""
"4449","OSFCD3unh2",16,"PRSE",18,"live",NA,NA,"NO",""
"4450","OSFCD3unh2",17,"TSCA",15.4,"snag",2.7,2,"NO",""
"4451","OSFCD3unh2",18,"ULSP",10.8,"live",NA,NA,"NO",""
"4452","OSFCD3unh2",19,"FRAM",35.8,"live",NA,NA,"NO",""
"4453","OSFCD3unh2",20,"FAGR",11.7,"live",NA,NA,"NO",""
"4454","OSFCD3unh2",21,"FAGR",16.7,"live",NA,NA,"NO",""
"4455","OSFCD3unh2",22,"ACSA",15.2,"live",NA,NA,"NO",""
"4456","OSFCD3unh2",23,"FRAM",44.3,"live",NA,NA,"NO",""
"4457","OSFCD3unh2",24,"FRAM",15.7,"snag",12,2,"NO",""
"4458","OSFCD3unh2",25,"ACSA",12.7,"live",NA,NA,"NO",""
"4459","OSFCD3unh2",26,"ACSA",24.1,"live",NA,NA,"NO",""
"4460","OSFCD3unh2",27,"ACSA",11,"live",NA,NA,"NO",""
"4461","OSFCD3unh2",28,"FRAM",28.7,"live",NA,NA,"NO",""
"4462","OSFCD3unh2",29,"BENI",30.6,"live",NA,NA,"NO",""
"4463","OSFCD3unh2",30,"ACSA",24.7,"live",NA,NA,"NO",""
"4464","OSFCD3unh2",31,"FAGR",20.8,"snag",3.2,1,"NO",""
"4465","OSFCD3unh2",32,"UNK",57,"stump",0.6,4,"NO",""
"4466","OSFCD3unh2",33,"ACSA",12.8,"live",NA,NA,"NO",""
"4467","OSFCD3unh2",34,"FRAM",44.8,"live",NA,NA,"YES",""
"4468","OSFCD3unh3",1,"ACSA",11.5,"live",NA,NA,"NO",""
"4469","OSFCD3unh3",2,"ACSA",18.5,"live",NA,NA,"NO",""
"4470","OSFCD3unh3",3,"FRAM",47.8,"live",NA,NA,"YES",""
"4471","OSFCD3unh3",4,"ACSA",26.9,"live",NA,NA,"NO",""
"4472","OSFCD3unh3",5,"ACSA",16,"live",NA,NA,"NO",""
"4473","OSFCD3unh3",6,"UNK",29.4,"snag",0.83,4,"NO",""
"4474","OSFCD3unh3",7,"ACSA",54.8,"live",NA,NA,"YES",""
"4475","OSFCD3unh3",8,"FRAM",61.5,"live",NA,NA,"NO",""
"4476","OSFCD3unh3",9,"FRAM",52.2,"live",NA,NA,"NO",""
"4477","OSFCD3unh3",10,"ACSA",20.3,"live",NA,NA,"NO",""
"4478","OSFCD3unh3",11,"ACSA",55.4,"live",NA,NA,"YES",""
"4479","OSFCD3unh3",12,"FAGR",37.4,"live",NA,NA,"YES",""
"4480","OSFCD3unh3",13,"ACSA",12.3,"live",NA,NA,"NO",""
"4481","OSFCD3unh3",14,"ACSA",14.6,"live",NA,NA,"NO",""
"4482","OSFCD3unh3",15,"FAGR",14.2,"snag",8,1,"NO",""
"4483","OSFCD3unh3",16,"UNK",14.3,"stump",0.37,4,"NO",""
"4484","OSFCD3unh3",17,"ACSA",10.9,"live",NA,NA,"NO",""
"4485","OSFCD3unh3",18,"PRSE",54.1,"live",NA,NA,"NO",""
"4486","OSFCD3unh3",19,"PRSE",35.2,"live",NA,NA,"NO",""
"4487","OSFCD3unh3",20,"FRAM",55.3,"live",NA,NA,"NO",""
"4488","OSFCD3unh4",1,"FRAM",38.6,"live",NA,NA,"YES",""
"4489","OSFCD3unh4",2,"ACSA",13.5,"live",NA,NA,"NO",""
"4490","OSFCD3unh4",3,"TIAM",21.3,"live",NA,NA,"NO",""
"4491","OSFCD3unh4",4,"FRAM",49.5,"live",NA,NA,"YES",""
"4492","OSFCD3unh4",5,"FRAM",20.8,"live",NA,NA,"NO",""
"4493","OSFCD3unh4",6,"FRAM",41.6,"live",NA,NA,"YES",""
"4494","OSFCD3unh4",7,"FAGR",14.1,"live",NA,NA,"NO",""
"4495","OSFCD3unh4",8,"TSCA",20.8,"live",NA,NA,"NO",""
"4496","OSFCD3unh4",9,"FAGR",24.2,"snag",9,1,"NO",""
"4497","OSFCD3unh4",10,"ACSA",55.6,"live",NA,NA,"NO",""
"4498","OSFCD3unh4",11,"ACSA",11.7,"snag",9.5,1,"NO",""
"4499","OSFCD3unh4",12,"ACSA",18.6,"live",NA,NA,"NO",""
"4500","OSFCD3unh4",13,"PRSE",50,"live",NA,NA,"YES",""
"4501","OSFCD3unh4",14,"UNK",17.8,"stump",0.35,4,"NO",""
"4502","OSFCD3unh4",15,"OSVI",13.8,"live",NA,NA,"NO",""
"4503","OSFCD3unh4",16,"TSCA",18.7,"live",NA,NA,"NO",""
"4504","OSFCD3unh4",17,"BEAL",37.3,"live",NA,NA,"NO",""
"4505","OSFCD3unh4",18,"UNK",59.5,"stump",0.22,5,"NO",""
"4506","OSFCD3unh4",19,"FAGR",37.3,"live",NA,NA,"YES",""
"4507","OSFCD3unh4",20,"ACSA",19,"live",NA,NA,"NO",""
"4508","OSFCD3unh4",21,"ACSA",28.2,"live",NA,NA,"NO",""
"4509","OSFCD3unh4",22,"ACSA",27.6,"snag",10,2,"NO",""
"4510","OSFCD3unh4",23,"ACSA",15.6,"live",NA,NA,"NO",""
"4511","OSFCD3unh4",24,"ACSA",18.3,"live",NA,NA,"NO",""
"4512","PSFPMHgap1",1,"FRAM",40.6,"live",NA,NA,"NO",""
"4513","PSFPMHgap1",2,"ACSA",19.8,"snag",1.34,2,"NO",""
"4514","PSFPMHgap1",3,"FRAM",21.7,"live",NA,NA,"NO",""
"4515","PSFPMHgap1",4,"FRAM",33.2,"live",NA,NA,"NO",""
"4516","PSFPMHgap1",5,"FRAM",33.6,"stump",0.31,2,"NO",""
"4517","PSFPMHgap1",6,"FRAM",76.6,"stump",0.09,1,"NO",""
"4518","PSFPMHgap1",7,"FRAM",41.4,"stump",0.29,1,"NO",""
"4519","PSFPMHgap1",8,"ACSA",32.2,"snag",3.8,1,"NO",""
"4520","PSFPMHgap1",9,"ACSA",18.8,"live",NA,NA,"NO",""
"4521","PSFPMHgap1",10,"ACSA",60,"live",NA,NA,"NO",""
"4522","PSFPMHgap1",11,"ACSA",33.3,"live",NA,NA,"NO",""
"4523","PSFPMHgap1",12,"PRSE",25.6,"live",NA,NA,"NO",""
"4524","PSFPMHgap1",13,"ACSA",29.1,"live",NA,NA,"NO",""
"4525","PSFPMHgap1",14,"ACSA",14.7,"live",NA,NA,"NO",""
"4526","PSFPMHgap1",15,"FRAM",55.1,"stump",0.14,1,"NO",""
"4527","PSFPMHgap1",16,"FRAM",40.2,"live",NA,NA,"NO",""
"4528","PSFPMHgap1",17,"FRAM",25.7,"stump",0.43,1,"NO",""
"4529","PSFPMHgap1",18,"UNK",33.7,"stump",0.15,4,"NO",""
"4530","PSFPMHgap1",19,"ACSA",14.3,"live",NA,NA,"NO",""
"4531","PSFPMHgap1",20,"ACSA",31.1,"live",NA,NA,"NO",""
"4532","PSFPMHgap1",21,"FAGR",25.5,"stump",0.21,1,"NO",""
"4533","PSFPMHgap2",1,"ACSA",42.2,"live",NA,NA,"NO",""
"4534","PSFPMHgap2",2,"FRAM",39.6,"stump",0.15,2,"NO",""
"4535","PSFPMHgap2",3,"FRAM",54.8,"stump",0.27,1,"NO",""
"4536","PSFPMHgap2",4,"FRAM",36.4,"stump",0.22,2,"NO",""
"4537","PSFPMHgap2",5,"ACSA",17,"live",NA,NA,"NO",""
"4538","PSFPMHgap2",6,"ACSA",38.6,"live",NA,NA,"NO",""
"4539","PSFPMHgap2",7,"FRAM",115.5,"stump",0.14,2,"NO",""
"4540","PSFPMHgap2",8,"OSVI",14.5,"live",NA,NA,"NO",""
"4541","PSFPMHgap2",9,"FRAM",39,"stump",0.46,2,"NO",""
"4542","PSFPMHgap2",10,"FRAM",48.6,"stump",0.23,1,"NO",""
"4543","PSFPMHgap2",11,"ACSA",48.6,"live",NA,NA,"NO",""
"4544","PSFPMHgap2",12,"ACSA",40.7,"live",NA,NA,"NO",""
"4545","PSFPMHgap3",1,"FAGR",26,"stump",0.25,2,"NO",""
"4546","PSFPMHgap3",2,"ACSA",22.8,"live",NA,NA,"NO",""
"4547","PSFPMHgap3",3,"FAGR",28.6,"stump",0.18,1,"NO",""
"4548","PSFPMHgap3",4,"BEAL",36,"live",NA,NA,"NO",""
"4549","PSFPMHgap3",5,"ACSA",50.3,"stump",0.24,2,"NO",""
"4550","PSFPMHgap3",6,"FAGR",28.1,"stump",0.28,1,"NO",""
"4551","PSFPMHgap3",7,"FAGR",31.5,"stump",0.2,2,"NO",""
"4552","PSFPMHgap3",8,"ACSA",66.7,"live",NA,NA,"NO",""
"4553","PSFPMHgap3",9,"FAGR",23.6,"snag",4.2,1,"NO",""
"4554","PSFPMHgap3",10,"BEPA",29.2,"stump",0.66,2,"NO",""
"4555","PSFPMHgap3",11,"FAGR",22.7,"stump",0.2,2,"NO",""
"4556","PSFPMHmat1",1,"FRAM",37.6,"live",NA,NA,"NO",""
"4557","PSFPMHmat1",2,"FRAM",29.9,"live",NA,NA,"NO",""
"4558","PSFPMHmat1",3,"BEAL",42.8,"live",NA,NA,"NO",""
"4559","PSFPMHmat1",4,"BEAL",27.8,"live",NA,NA,"NO",""
"4560","PSFPMHmat1",5,"BEAL",33.1,"live",NA,NA,"NO",""
"4561","PSFPMHmat1",6,"FRAM",19.1,"snag",13,1,"NO",""
"4562","PSFPMHmat1",7,"ACSA",26,"live",NA,NA,"NO",""
"4563","PSFPMHmat1",8,"FAGR",13.3,"live",NA,NA,"NO",""
"4564","PSFPMHmat1",9,"ACSA",33.7,"live",NA,NA,"NO",""
"4565","PSFPMHmat1",10,"FAGR",13.3,"live",NA,NA,"NO",""
"4566","PSFPMHmat1",11,"BEAL",27.7,"live",NA,NA,"NO",""
"4567","PSFPMHmat1",12,"ACSA",20.7,"live",NA,NA,"NO",""
"4568","PSFPMHmat1",13,"BEAL",38,"live",NA,NA,"NO",""
"4569","PSFPMHmat1",14,"ACSA",19.5,"live",NA,NA,"NO",""
"4570","PSFPMHmat1",15,"FRAM",24.6,"live",NA,NA,"YES",""
"4571","PSFPMHmat1",16,"ACPE",11.1,"live",NA,NA,"NO",""
"4572","PSFPMHmat1",17,"ACPE",13.1,"stump",0.53,2,"NO",""
"4573","PSFPMHmat1",18,"FRAM",63.3,"stump",0.3,1,"NO",""
"4574","PSFPMHmat1",19,"FRAM",45,"stump",0.28,1,"NO",""
"4575","PSFPMHmat1",20,"OSVI",14.2,"live",NA,NA,"NO",""
"4576","PSFPMHmat2",1,"ACSA",27.3,"live",NA,NA,"NO",""
"4577","PSFPMHmat2",2,"BEAL",31.6,"live",NA,NA,"NO",""
"4578","PSFPMHmat2",3,"ACSA",24.6,"live",NA,NA,"NO",""
"4579","PSFPMHmat2",4,"FRAM",38.3,"live",NA,NA,"NO",""
"4580","PSFPMHmat2",5,"FRAM",36.6,"live",NA,NA,"NO",""
"4581","PSFPMHmat2",6,"FRAM",45.7,"stump",0.84,1,"NO",""
"4582","PSFPMHmat2",7,"FRAM",26.1,"stump",0.89,2,"NO",""
"4583","PSFPMHmat2",8,"TIAM",37.6,"live",NA,NA,"NO",""
"4584","PSFPMHmat2",9,"FRAM",17.7,"snag",13,1,"NO",""
"4585","PSFPMHmat2",10,"FAGR",23.1,"live",NA,NA,"NO",""
"4586","PSFPMHmat2",11,"FRAM",41.6,"live",NA,NA,"NO",""
"4587","PSFPMHmat2",12,"FRAM",48.9,"live",NA,NA,"NO",""
"4588","PSFPMHmat2",13,"FRAM",44.3,"live",NA,NA,"NO",""
"4589","PSFPMHmat2",14,"FRAM",67.3,"stump",0.38,1,"NO",""
"4590","PSFPMHmat2",15,"FRAM",17,"stump",0.19,1,"NO",""
"4591","PSFPMHmat2",16,"ACSA",30,"live",NA,NA,"NO",""
"4592","PSFPMHmat2",17,"ACSA",12.5,"live",NA,NA,"NO",""
"4593","PSFPMHmat3",1,"ACSA",31,"live",NA,NA,"NO",""
"4594","PSFPMHmat3",2,"FRAM",36.2,"live",NA,NA,"NO",""
"4595","PSFPMHmat3",3,"ACSA",17.4,"stump",0.26,3,"NO",""
"4596","PSFPMHmat3",4,"ACSA",58.3,"live",NA,NA,"NO",""
"4597","PSFPMHmat3",5,"PRSE",40.4,"live",NA,NA,"NO",""
"4598","PSFPMHmat3",6,"FRAM",62.3,"stump",0.25,2,"NO",""
"4599","PSFPMHmat3",7,"FRAM",25.4,"stump",0.17,2,"NO",""
"4600","PSFPMHmat3",8,"OSVI",25.8,"live",NA,NA,"NO",""
"4601","PSFPMHmat3",9,"OSVI",24.2,"live",NA,NA,"NO",""
"4602","PSFPMHmat3",10,"OSVI",17.1,"snag",6.5,1,"NO",""
"4603","PSFPMHmat3",11,"FRAM",48.9,"stump",0.29,2,"NO",""
"4604","PSFPMHmat3",12,"UNK",48.7,"stump",0.44,3,"NO",""
"4605","PSFPMHmat3",13,"UNK",55.9,"stump",0.11,3,"NO",""
"4606","PSFPMHmat3",14,"ACSA",26.2,"live",NA,NA,"NO",""
"4607","PSFPMHmat3",15,"FRAM",26.1,"live",NA,NA,"NO",""
"4608","PSFPMHmat3",16,"FAGR",56.6,"stump",0.25,2,"NO",""
"4609","PSFPMHmat3",17,"ACSA",41.6,"live",NA,NA,"NO",""
"4610","PSFPMHmat3",18,"UNK",14,"stump",0.15,4,"NO",""
"4611","PSFPMHmat3",19,"FRAM",36.7,"live",NA,NA,"NO",""
"4747","SSFYL2gap1",1,"ACSA",33.2,"live",NA,NA,"NO",""
"4748","SSFYL2gap1",2,"FRAM",58.9,"stump",0.21,2,"NO",""
"4749","SSFYL2gap1",3,"ACSA",21.1,"live",NA,NA,"NO",""
"4750","SSFYL2gap1",4,"UNK",15.2,"stump",0.13,3,"NO",""
"4751","SSFYL2gap1",5,"ACSA",32.7,"stump",0.2,2,"NO",""
"4752","SSFYL2gap1",6,"ACSA",32,"live",NA,NA,"NO",""
"4753","SSFYL2gap1",7,"FRAM",13.1,"stump",0.14,1,"NO",""
"4754","SSFYL2gap1",8,"ACSA",41,"live",NA,NA,"NO",""
"4755","SSFYL2gap1",9,"ACSA",31.9,"live",NA,NA,"NO",""
"4756","SSFYL2gap1",10,"ACSA",22.1,"live",NA,NA,"NO",""
"4757","SSFYL2gap1",11,"ACSA",22.5,"live",NA,NA,"NO",""
"4758","SSFYL2gap1",12,"ACSA",24.1,"live",NA,NA,"NO",""
"4759","SSFYL2gap1",13,"FRAM",32.6,"live",NA,NA,"NO",""
"4760","SSFYL2gap1",14,"FRAM",43.2,"live",NA,NA,"NO",""
"4761","SSFYL2gap1",15,"ACSA",18.2,"live",NA,NA,"NO",""
"4762","SSFYL2gap2",1,"FRAM",87.1,"stump",0.22,1,"NO",""
"4763","SSFYL2gap2",2,"ACRU",16.6,"live",NA,NA,"NO",""
"4764","SSFYL2gap2",3,"PRSE",44.6,"live",NA,NA,"NO",""
"4765","SSFYL2gap2",4,"FRAM",12.4,"live",NA,NA,"NO",""
"4766","SSFYL2gap2",5,"ACRU",29.2,"live",NA,NA,"NO",""
"4767","SSFYL2gap2",6,"FRAM",28.9,"stump",0.23,2,"NO",""
"4768","SSFYL2gap2",7,"PRSE",44.6,"stump",0.31,2,"NO",""
"4769","SSFYL2gap2",8,"ACSA",46,"live",NA,NA,"NO",""
"4770","SSFYL2gap2",9,"FRAM",109.1,"stump",0.32,2,"NO",""
"4771","SSFYL2gap2",10,"ACRU",19.4,"live",NA,NA,"NO",""
"4772","SSFYL2gap2",11,"ACRU",20,"live",NA,NA,"NO",""
"4773","SSFYL2gap2",12,"ACSA",19.3,"live",NA,NA,"NO",""
"4774","SSFYL2gap2",13,"PRSE",55.9,"live",NA,NA,"NO",""
"4775","SSFYL2gap2",14,"ACRU",38.3,"live",NA,NA,"NO",""
"4776","SSFYL2gap2",15,"FRAM",47.3,"stump",0.35,2,"NO",""
"4777","SSFYL2gap2",16,"ACRU",20.2,"snag",6.1,3,"NO",""
"4778","SSFYL2gap2",17,"ACSA",24.6,"live",NA,NA,"NO",""
"4779","SSFYL2gap2",18,"PRSE",41.6,"live",NA,NA,"NO",""
"4780","SSFYL2gap2",19,"FRAM",53.3,"stump",0.2,2,"NO",""
"4781","SSFYL2gap2",20,"ACRU",27.3,"snag",7.62,3,"NO",""
"4782","SSFYL2gap2",21,"UNK",16.8,"snag",1.5,4,"NO",""
"4783","SSFYL2gap3",1,"ACRU",32.5,"live",NA,NA,"NO",""
"4784","SSFYL2gap3",2,"ACRU",13.8,"live",NA,NA,"NO",""
"4785","SSFYL2gap3",3,"ACSA",23.9,"live",NA,NA,"NO",""
"4786","SSFYL2gap3",4,"ACRU",89.8,"stump",0.21,2,"NO",""
"4787","SSFYL2gap3",5,"ACSA",16.3,"live",NA,NA,"NO",""
"4788","SSFYL2gap3",6,"FRAM",23.1,"snag",10.67,2,"NO",""
"4789","SSFYL2gap3",7,"FAGR",12,"live",NA,NA,"NO",""
"4790","SSFYL2gap3",8,"ACRU",27.8,"live",NA,NA,"NO",""
"4791","SSFYL2gap3",9,"ACSA",37.4,"stump",0.16,3,"NO",""
"4792","SSFYL2gap3",10,"FRAM",67,"live",NA,NA,"NO",""
"4793","SSFYL2gap3",11,"BEAL",16.9,"stump",0.19,3,"NO",""
"4794","SSFYL2gap3",12,"PIST",69.6,"stump",0.31,2,"NO",""
"4795","SSFYL2gap3",13,"PIST",30.3,"stump",0.12,3,"NO",""
"4796","SSFYL2gap3",14,"BEAL",11,"live",NA,NA,"NO",""
"4797","SSFYL2gap3",15,"FRAM",34.9,"stump",0.78,1,"NO",""
"4798","SSFYL2gap3",16,"UNK",16.7,"snag",1.5,3,"NO",""
"4799","SSFYL2gap3",17,"BEAL",86,"stump",0.28,3,"NO",""
"4800","SSFYL2gap3",18,"FAGR",15,"live",NA,NA,"NO",""
"4801","SSFYL2mat1",1,"FRAM",99.8,"stump",0.52,2,"NO",""
"4802","SSFYL2mat1",2,"ACSA",17.6,"live",NA,NA,"NO",""
"4803","SSFYL2mat1",3,"FRAM",34.9,"snag",9.14,3,"NO",""
"4804","SSFYL2mat1",4,"ACSA",18.6,"live",NA,NA,"NO",""
"4805","SSFYL2mat1",5,"ACSA",17.8,"live",NA,NA,"NO",""
"4806","SSFYL2mat1",6,"ACSA",26.1,"live",NA,NA,"NO",""
"4807","SSFYL2mat1",7,"ACSA",23.5,"live",NA,NA,"NO",""
"4808","SSFYL2mat1",8,"ACSA",12.8,"live",NA,NA,"NO",""
"4809","SSFYL2mat1",9,"QURU",16.7,"live",NA,NA,"NO",""
"4810","SSFYL2mat1",10,"UNK",52.5,"stump",0.33,4,"NO",""
"4811","SSFYL2mat1",11,"UNK",41.9,"stump",0.38,3,"NO",""
"4812","SSFYL2mat1",12,"ACRU",12.4,"live",NA,NA,"NO",""
"4813","SSFYL2mat1",13,"ACRU",14.2,"live",NA,NA,"NO",""
"4814","SSFYL2mat1",14,"UNK",35.7,"stump",0.24,4,"NO",""
"4815","SSFYL2mat1",15,"ACSA",15.3,"live",NA,NA,"NO",""
"4816","SSFYL2mat1",16,"ACRU",12.2,"live",NA,NA,"NO",""
"4817","SSFYL2mat1",17,"ACSA",26.3,"live",NA,NA,"NO",""
"4818","SSFYL2mat1",18,"ACSA",15,"live",NA,NA,"NO",""
"4819","SSFYL2mat1",19,"ACSA",13.9,"live",NA,NA,"NO",""
"4820","SSFYL2mat1",20,"QURU",67.3,"live",NA,NA,"NO",""
"4821","SSFYL2mat1",21,"ACSA",30.9,"live",NA,NA,"NO",""
"4822","SSFYL2mat1",22,"ACSA",30.1,"live",NA,NA,"NO",""
"4823","SSFYL2mat1",23,"FRAM",41,"stump",0.41,3,"NO",""
"4824","SSFYL2mat1",24,"FRAM",28.2,"stump",0.43,4,"NO",""
"4825","SSFYL2mat1",25,"FRAM",36,"stump",0.34,NA,"NO",""
"4826","SSFYL2mat1",26,"ACSA",26,"live",NA,NA,"NO",""
"4827","SSFYL2mat1",27,"FRAM",35.1,"snag",13.7,1,"NO",""
"4828","SSFYL2mat1",28,"UNK",28,"stump",0.22,4,"NO",""
"4829","SSFYL2mat2",1,"FRAM",82.9,"live",NA,NA,"NO",""
"4830","SSFYL2mat2",2,"ACSA",19.9,"live",NA,NA,"NO",""
"4831","SSFYL2mat2",3,"ACSA",10.7,"live",NA,NA,"NO",""
"4832","SSFYL2mat2",4,"ACSA",18.1,"live",NA,NA,"NO",""
"4833","SSFYL2mat2",5,"ACSA",35,"live",NA,NA,"NO",""
"4834","SSFYL2mat2",6,"FRAM",41.2,"stump",0.1,2,"NO",""
"4835","SSFYL2mat2",7,"ACRU",33.1,"live",NA,NA,"NO",""
"4836","SSFYL2mat2",8,"ACSP",22.4,"snag",12.2,2,"NO",""
"4837","SSFYL2mat2",9,"PIST",73,"live",NA,NA,"NO",""
"4838","SSFYL2mat2",10,"ACSA",22.7,"live",NA,NA,"NO",""
"4839","SSFYL2mat2",11,"ACSA",29.1,"live",NA,NA,"NO",""
"4840","SSFYL2mat2",12,"PIST",38.7,"stump",0.24,3,"NO",""
"4841","SSFYL2mat2",13,"ACSA",23.2,"live",NA,NA,"NO",""
"4842","SSFYL2mat2",14,"ACSA",16.2,"live",NA,NA,"NO",""
"4843","SSFYL2mat2",15,"ACSA",32.8,"live",NA,NA,"NO",""
"4844","SSFYL2mat2",16,"ACSA",19.5,"live",NA,NA,"NO",""
"4845","SSFYL2mat2",17,"ACSA",12.2,"live",NA,NA,"NO",""
"4846","SSFYL2mat2",18,"FRAM",19.7,"snag",9.1,2,"NO",""
"4847","SSFYL2mat2",19,"ACSA",11.9,"live",NA,NA,"NO",""
"4848","SSFYL2mat2",20,"FRAM",71.1,"live",NA,NA,"NO",""
"4849","SSFYL2mat2",21,"ACSA",18.6,"live",NA,NA,"NO",""
"4850","SSFYL2mat2",22,"ACSA",16.7,"live",NA,NA,"NO",""
"4851","SSFYL2mat3",1,"ACRU",66.6,"snag",3.66,3,"NO",""
"4852","SSFYL2mat3",2,"UNK",22.1,"stump",0.12,4,"NO",""
"4853","SSFYL2mat3",3,"FRAM",56.3,"stump",0.24,3,"NO",""
"4854","SSFYL2mat3",4,"ACRU",24.6,"live",NA,NA,"NO",""
"4855","SSFYL2mat3",5,"FRAM",20.9,"live",NA,NA,"NO",""
"4856","SSFYL2mat3",6,"FAGR",13.2,"live",NA,NA,"NO",""
"4857","SSFYL2mat3",7,"ACSA",12.5,"live",NA,NA,"NO",""
"4858","SSFYL2mat3",8,"PIST",69.2,"live",NA,NA,"NO",""
"4859","SSFYL2mat3",9,"ACRU",24.5,"live",NA,NA,"NO",""
"4860","SSFYL2mat3",10,"ACSA",17.1,"live",NA,NA,"NO",""
"4861","SSFYL2mat3",11,"FRAM",20.8,"live",NA,NA,"NO",""
"4862","SSFYL2mat3",12,"ACSA",15.5,"live",NA,NA,"NO",""
"4863","SSFYL2mat3",13,"FRAM",77,"stump",0.3,1,"NO",""
"4864","SSFYL2mat3",14,"ACSA",27.4,"live",NA,NA,"NO",""
"4865","SSFYL2mat3",15,"FRAM",21.4,"live",NA,NA,"NO",""
"4866","SSFYL2mat3",16,"ACSA",18.5,"live",NA,NA,"NO",""
"4867","SSFYL2mat3",17,"FRAM",73.9,"stump",0.21,2,"NO",""
"4868","SSFYL2mat3",18,"ACRU",50.2,"live",NA,NA,"NO",""
"4869","SSFYL2mat3",19,"ACSP",28.3,"stump",0.25,2,"NO",""
"4870","SSFYL2mat3",20,"ACSA",29.8,"live",NA,NA,"NO",""
"4871","SSFYL2mat3",21,"ACSA",37.6,"live",NA,NA,"NO",""
"4872","SSFYL2mat3",22,"ACSA",18.7,"live",NA,NA,"NO",""
