"","initcomm_cells_select_fram_minusfrni"
"1",137
"2",421
"3",422
"4",427
"5",635
"6",852
"7",921
"8",1135
"9",1137
"10",1138
"11",1640
"12",1921
"13",1924
"14",2137
"15",2422
"16",2423
"17",2630
"18",2631
"19",2637
"20",2640
"21",2792
"22",2852
"23",2917
"24",2921
"25",3136
"26",3265
"27",3287
"28",3289
"29",3290
"30",3355
"31",3417
"32",3426
"33",3634
"34",3760
"35",3789
"36",3917
"37",4211
"38",4291
"39",4292
"40",4302
"41",4304
"42",4353
"43",4420
"44",4710
"45",4711
"46",4758
"47",4787
"48",4789
"49",4791
"50",4799
"51",5127
"52",5137
"53",5205
"54",5208
"55",5261
"56",5297
"57",5366
"58",5424
"59",5765
"60",5804
"61",5914
"62",5972
"63",5973
"64",6128
"65",6129
"66",6131
"67",6134
"68",6207
"69",6258
"70",6295
"71",6296
"72",6308
"73",6472
"74",6473
"75",6624
"76",6625
"77",6635
"78",6638
"79",6701
"80",6755
"81",6797
"82",6860
"83",6975
"84",7124
"85",7129
"86",7135
"87",7295
"88",7299
"89",7360
"90",7472
"91",7473
"92",7627
"93",7713
"94",7792
"95",7864
"96",7925
"97",7974
"98",7975
"99",8128
"100",8184
"101",8185
"102",8186
"103",8187
"104",8206
"105",8252
"106",8296
"107",8301
"108",8359
"109",8360
"110",8423
"111",8472
"112",8704
"113",8797
"114",8801
"115",8855
"116",8856
"117",8972
"118",8974
"119",8975
"120",9192
"121",9211
"122",9254
"123",9298
"124",9304
"125",9308
"126",9348
"127",9354
"128",9355
"129",9358
"130",9359
"131",9360
"132",9475
"133",9477
"134",9691
"135",9693
"136",9710
"137",9712
"138",9800
"139",9854
"140",9856
"141",9857
"142",9859
"143",9973
"144",9976
"145",9977
"146",10180
"147",10183
"148",10188
"149",10214
"150",10348
"151",10356
"152",10358
"153",10472
"154",10473
"155",10477
"156",10633
"157",10680
"158",10685
"159",10693
"160",10702
"161",10710
"162",10798
"163",10849
"164",10852
"165",10858
"166",11125
"167",11128
"168",11138
"169",11215
"170",11257
"171",11299
"172",11348
"173",11349
"174",11350
"175",11353
"176",11354
"177",11358
"178",11359
"179",11360
"180",11478
"181",11636
"182",11684
"183",11691
"184",11708
"185",11717
"186",11758
"187",11849
"188",11854
"189",11855
"190",11856
"191",11857
"192",11858
"193",11860
"194",12136
"195",12185
"196",12349
"197",12352
"198",12353
"199",12472
"200",12626
"201",12639
"202",12698
"203",12850
"204",12854
"205",12856
"206",12860
"207",13142
"208",13203
"209",13253
"210",13254
"211",13357
"212",13358
"213",13359
"214",13472
"215",13477
"216",13623
"217",13701
"218",13847
"219",13851
"220",13853
"221",13854
"222",13856
"223",13859
"224",14125
"225",14128
"226",14208
"227",14213
"228",14351
"229",14352
"230",14354
"231",14355
"232",14476
"233",14625
"234",14628
"235",14684
"236",14686
"237",14687
"238",14717
"239",14851
"240",14853
"241",14854
"242",14857
"243",14858
"244",14859
"245",14860
"246",14974
"247",14975
"248",14978
"249",15125
"250",15128
"251",15129
"252",15203
"253",15207
"254",15347
"255",15349
"256",15350
"257",15358
"258",15473
"259",15700
"260",15711
"261",15712
"262",15714
"263",15849
"264",15852
"265",15853
"266",15922
"267",15976
"268",16168
"269",16194
"270",16199
"271",16221
"272",16347
"273",16350
"274",16352
"275",16629
"276",16654
"277",16668
"278",16669
"279",16678
"280",16694
"281",16703
"282",16765
"283",16849
"284",16851
"285",16852
"286",16921
"287",16922
"288",16974
"289",17126
"290",17128
"291",17143
"292",17168
"293",17179
"294",17180
"295",17211
"296",17214
"297",17224
"298",17265
"299",17350
"300",17352
"301",17353
"302",17626
"303",17627
"304",17629
"305",17641
"306",17643
"307",17668
"308",17669
"309",17678
"310",17701
"311",17711
"312",17716
"313",17737
"314",17765
"315",17851
"316",17853
"317",18127
"318",18146
"319",18169
"320",18185
"321",18215
"322",18220
"323",18237
"324",18267
"325",18270
"326",18349
"327",18626
"328",18627
"329",18666
"330",18668
"331",18696
"332",18718
"333",18723
"334",18733
"335",18739
"336",18754
"337",18769
"338",18845
"339",18849
"340",18850
"341",18851
"342",18914
"343",19125
"344",19128
"345",19129
"346",19144
"347",19152
"348",19164
"349",19166
"350",19168
"351",19169
"352",19182
"353",19183
"354",19195
"355",19196
"356",19216
"357",19225
"358",19265
"359",19345
"360",19348
"361",19628
"362",19629
"363",19630
"364",19649
"365",19665
"366",19666
"367",19731
"368",19734
"369",19764
"370",19765
"371",19847
"372",19848
"373",20123
"374",20125
"375",20127
"376",20130
"377",20145
"378",20166
"379",20168
"380",20218
"381",20229
"382",20238
"383",20241
"384",20266
"385",20348
"386",20628
"387",20641
"388",20664
"389",20665
"390",20668
"391",20669
"392",20717
"393",20724
"394",20730
"395",20742
"396",20913
"397",21124
"398",21129
"399",21140
"400",21165
"401",21166
"402",21197
"403",21227
"404",21346
"405",21623
"406",21624
"407",21627
"408",21628
"409",21735
"410",21736
"411",21766
"412",21767
"413",22163
"414",22193
"415",22199
"416",22203
"417",22232
"418",22236
"419",22264
"420",22265
"421",22266
"422",22268
"423",22346
"424",22348
"425",22412
"426",22670
"427",22691
"428",22700
"429",22703
"430",22726
"431",22744
"432",22763
"433",22767
"434",22768
"435",22912
"436",22914
"437",23161
"438",23347
"439",23348
"440",23349
"441",23414
"442",23661
"443",23668
"444",23847
"445",24348
"446",24412
"447",24660
"448",25347
"449",25704
"450",25706
"451",25849
"452",26251
"453",26742
"454",26749
"455",26750
"456",27241
"457",27250
"458",27364
"459",27368
"460",28251
"461",28374
"462",28376
"463",28751
"464",29172
"465",29255
"466",29340
"467",29456
"468",29880
"469",30253
"470",30254
"471",30376
"472",30875
"473",30956
"474",30957
"475",31377
"476",31875
"477",31960
"478",32271
"479",32768
"480",32958
"481",32961
"482",33487
"483",33872
"484",34374
"485",34376
"486",34377
"487",34455
"488",34459
"489",34487
"490",34770
"491",34872
"492",34876
"493",34988
"494",34989
"495",35370
"496",35371
"497",35480
"498",35776
"499",35779
"500",35819
"501",35874
"502",35984
"503",36275
"504",36350
"505",36460
"506",36461
"507",36844
"508",36960
"509",36961
"510",36962
"511",36966
"512",37341
"513",37342
"514",37343
"515",37344
"516",37462
"517",37478
"518",37774
"519",37841
"520",37848
"521",37849
"522",37850
"523",37979
"524",38271
"525",38341
"526",38346
"527",38348
"528",38467
"529",38468
"530",38475
"531",38478
"532",38479
"533",38770
"534",38839
"535",38845
"536",38846
"537",38850
"538",38888
"539",38959
"540",38974
"541",39271
"542",39273
"543",39277
"544",39282
"545",39285
"546",39340
"547",39342
"548",39345
"549",39346
"550",39350
"551",39374
"552",39778
"553",39840
"554",39841
"555",39844
"556",39848
"557",39883
"558",39973
"559",39975
"560",40285
"561",40287
"562",40344
"563",40346
"564",40348
"565",40349
"566",40474
"567",40475
"568",40476
"569",40843
"570",40844
"571",40845
"572",40846
"573",40849
"574",41273
"575",41278
"576",41284
"577",41345
"578",41349
"579",41784
"580",41785
"581",41786
"582",41843
"583",41844
"584",41859
"585",41952
"586",42269
"587",42289
"588",42361
"589",42454
"590",42686
"591",42758
"592",42844
"593",42847
"594",42952
"595",43187
"596",43293
"597",43345
"598",43347
"599",43453
"600",43776
"601",43792
"602",43844
"603",43845
"604",43846
"605",44183
"606",44185
"607",44261
"608",44289
"609",44343
"610",44344
"611",44347
"612",44452
"613",44455
"614",44846
"615",44950
"616",44951
"617",44953
"618",44954
"619",45186
"620",45190
"621",45262
"622",45342
"623",45346
"624",45680
"625",45727
"626",45801
"627",45838
"628",45841
"629",45859
"630",45952
"631",45955
"632",46185
"633",46189
"634",46190
"635",46292
"636",46294
"637",46347
"638",46784
"639",46794
"640",47185
"641",47192
"642",47217
"643",47218
"644",47286
"645",47682
"646",47684
"647",47842
"648",47843
"649",47844
"650",48182
"651",48183
"652",48281
"653",48289
"654",48291
"655",48340
"656",48361
"657",48681
"658",48683
"659",48778
"660",48840
"661",49186
"662",49193
"663",49252
"664",49273
"665",49279
"666",49340
"667",49356
"668",49360
"669",49683
"670",49684
"671",49688
"672",49689
"673",49690
"674",49743
"675",50180
"676",50251
"677",50271
"678",50281
"679",50303
"680",50487
"681",50682
"682",50752
"683",50776
"684",50858
"685",51190
"686",51216
"687",51240
"688",51270
"689",51300
"690",51335
"691",51490
"692",51723
"693",51724
"694",51727
"695",51756
"696",51779
"697",51792
"698",51987
"699",52188
"700",52190
"701",52197
"702",52217
"703",52222
"704",52223
"705",52225
"706",52487
"707",52758
"708",52857
"709",52989
"710",53228
"711",53230
"712",53257
"713",53263
"714",53275
"715",53342
"716",53360
"717",53489
"718",53749
"719",53756
"720",53758
"721",53836
"722",53848
"723",53855
"724",53863
"725",53921
"726",53987
"727",53989
"728",54289
"729",54346
"730",54363
"731",54489
"732",54794
"733",54796
"734",54803
"735",54804
"736",54855
"737",55196
"738",55229
"739",55237
"740",55283
"741",55489
"742",55695
"743",55697
"744",55796
"745",55861
"746",55987
"747",55988
"748",56256
"749",56289
"750",56340
"751",56414
"752",56487
"753",56488
"754",56719
"755",56740
"756",56840
"757",56841
"758",57220
"759",57239
"760",57276
"761",57486
"762",57488
"763",57717
"764",57759
"765",57772
"766",57847
"767",57860
"768",57903
"769",57904
"770",57988
"771",58279
"772",58293
"773",58341
"774",58404
"775",58486
"776",58487
"777",58489
"778",58719
"779",58720
"780",58722
"781",58737
"782",58844
"783",58858
"784",58902
"785",58986
"786",58989
"787",58990
"788",58991
"789",59204
"790",59240
"791",59241
"792",59403
"793",59406
"794",59451
"795",59467
"796",59486
"797",59489
"798",59491
"799",59708
"800",59709
"801",59762
"802",59780
"803",59844
"804",59901
"805",59903
"806",59905
"807",59939
"808",59976
"809",59986
"810",59988
"811",59989
"812",59991
"813",59992
"814",59994
"815",60232
"816",60265
"817",60279
"818",60343
"819",60360
"820",60403
"821",60404
"822",60410
"823",60425
"824",60451
"825",60487
"826",60488
"827",60489
"828",60708
"829",60719
"830",60726
"831",60760
"832",60771
"833",60834
"834",60858
"835",60862
"836",60901
"837",60902
"838",60938
"839",60975
"840",60977
"841",60978
"842",60992
"843",60994
"844",60996
"845",61203
"846",61204
"847",61235
"848",61242
"849",61253
"850",61283
"851",61342
"852",61349
"853",61401
"854",61403
"855",61414
"856",61467
"857",61471
"858",61476
"859",61477
"860",61479
"861",61490
"862",61494
"863",61496
"864",61498
"865",61705
"866",61744
"867",61776
"868",61785
"869",61842
"870",61902
"871",61907
"872",61945
"873",61971
"874",61975
"875",61976
"876",61978
"877",61979
"878",61980
"879",61986
"880",61989
"881",61993
"882",61994
"883",61995
"884",61996
"885",62218
"886",62219
"887",62233
"888",62234
"889",62235
"890",62236
"891",62263
"892",62266
"893",62347
"894",62400
"895",62467
"896",62480
"897",62481
"898",62485
"899",62490
"900",62491
"901",62492
"902",62494
"903",62705
"904",62711
"905",62719
"906",62846
"907",62975
"908",62979
"909",62981
"910",62983
"911",62990
"912",62991
"913",62993
"914",62994
"915",62997
"916",63215
"917",63216
"918",63261
"919",63400
"920",63401
"921",63402
"922",63404
"923",63450
"924",63468
"925",63470
"926",63471
"927",63472
"928",63473
"929",63477
"930",63479
"931",63481
"932",63486
"933",63487
"934",63492
"935",63496
"936",63497
"937",63709
"938",63712
"939",63721
"940",63761
"941",63763
"942",63766
"943",63774
"944",63898
"945",63973
"946",63975
"947",63979
"948",63981
"949",64209
"950",64210
"951",64221
"952",64275
"953",64330
"954",64400
"955",64404
"956",64446
"957",64450
"958",64462
"959",64469
"960",64472
"961",64475
"962",64477
"963",64481
"964",64766
"965",64824
"966",64827
"967",64900
"968",64901
"969",64902
"970",64903
"971",64960
"972",64961
"973",64962
"974",64963
"975",64965
"976",64967
"977",64971
"978",64973
"979",64976
"980",65212
"981",65254
"982",65339
"983",65402
"984",65403
"985",65443
"986",65465
"987",65468
"988",65472
"989",65473
"990",65713
"991",65761
"992",65770
"993",65771
"994",65826
"995",65897
"996",65899
"997",65900
"998",65901
"999",65902
"1000",65905
"1001",65951
"1002",65961
"1003",65967
"1004",66212
"1005",66400
"1006",66401
"1007",66403
"1008",66461
"1009",66465
"1010",66467
"1011",66710
"1012",66844
"1013",66846
"1014",66897
"1015",66900
"1016",66902
"1017",66903
"1018",66949
"1019",66959
"1020",66963
"1021",66970
"1022",67362
"1023",67363
"1024",67364
"1025",67398
"1026",67400
"1027",67412
"1028",67458
"1029",67464
"1030",67828
"1031",67847
"1032",67903
"1033",67948
"1034",67961
"1035",68332
"1036",68346
"1037",68365
"1038",68398
"1039",68399
"1040",68403
"1041",68458
"1042",68460
"1043",68462
"1044",68469
"1045",68844
"1046",68945
"1047",68960
"1048",68963
"1049",69000
"1050",69332
"1051",69361
"1052",69406
"1053",69456
"1054",69461
"1055",69498
"1056",69832
"1057",69845
"1058",69864
"1059",69909
"1060",69945
"1061",69956
"1062",69960
"1063",69968
"1064",69993
"1065",70332
"1066",70336
"1067",70351
"1068",70361
"1069",70400
"1070",70403
"1071",70404
"1072",70456
"1073",70457
"1074",70459
"1075",70460
"1076",70497
"1077",70499
"1078",70829
"1079",70835
"1080",70849
"1081",70864
"1082",70904
"1083",70945
"1084",70947
"1085",70999
"1086",71000
"1087",71444
"1088",71449
"1089",71450
"1090",71455
"1091",71456
"1092",71459
"1093",71460
"1094",71499
"1095",71742
"1096",71900
"1097",71905
"1098",71934
"1099",71951
"1100",71954
"1101",71957
"1102",71968
"1103",72244
"1104",72338
"1105",72451
"1106",72453
"1107",72457
"1108",72459
"1109",72484
"1110",72488
"1111",72500
"1112",72856
"1113",72904
"1114",72967
"1115",72983
"1116",72988
"1117",72990
"1118",73244
"1119",73335
"1120",73336
"1121",73346
"1122",73348
"1123",73351
"1124",73364
"1125",73482
"1126",73483
"1127",73484
"1128",73744
"1129",73747
"1130",73750
"1131",73845
"1132",73851
"1133",73862
"1134",73863
"1135",73865
"1136",73981
"1137",73985
"1138",73995
"1139",73999
"1140",74242
"1141",74350
"1142",74360
"1143",74361
"1144",74481
"1145",74500
"1146",74742
"1147",74745
"1148",74747
"1149",74748
"1150",74841
"1151",74842
"1152",74860
"1153",74900
"1154",74981
"1155",74983
"1156",74998
"1157",75242
"1158",75244
"1159",75247
"1160",75249
"1161",75340
"1162",75347
"1163",75360
"1164",75400
"1165",75483
"1166",75484
"1167",75495
"1168",75749
"1169",75843
"1170",75861
"1171",75985
"1172",75991
"1173",75992
"1174",76244
"1175",76246
"1176",76248
"1177",76339
"1178",76342
"1179",76343
"1180",76344
"1181",76346
"1182",76347
"1183",76348
"1184",76362
"1185",76402
"1186",76486
"1187",76743
"1188",76745
"1189",76746
"1190",76747
"1191",76837
"1192",76840
"1193",76864
"1194",76868
"1195",76902
"1196",76988
"1197",77243
"1198",77246
"1199",77247
"1200",77248
"1201",77350
"1202",77363
"1203",77487
"1204",77745
"1205",77748
"1206",77990
"1207",78244
"1208",78245
"1209",78246
"1210",78247
"1211",78497
"1212",78744
"1213",78749
"1214",78992
"1215",79245
"1216",79248
"1217",79747
"1218",79748
"1219",79754
"1220",79995
"1221",80398
"1222",80400
"1223",80495
"1224",80496
"1225",80497
"1226",80754
"1227",80896
"1228",80899
"1229",81396
"1230",81499
"1231",81755
"1232",81962
"1233",82255
"1234",82461
"1235",82493
"1236",82912
"1237",82993
"1238",83411
"1239",83412
"1240",83456
"1241",83908
"1242",83957
"1243",83967
"1244",83983
"1245",83986
"1246",84246
"1247",84250
"1248",84251
"1249",84252
"1250",84253
"1251",84401
"1252",84406
"1253",84412
"1254",84472
"1255",84487
"1256",84490
"1257",84491
"1258",84493
"1259",84496
"1260",84500
"1261",84748
"1262",84752
"1263",84753
"1264",84991
"1265",84993
"1266",84996
"1267",85251
"1268",85253
"1269",85392
"1270",85402
"1271",85404
"1272",85475
"1273",85994
"1274",85995
"1275",85999
"1276",86250
"1277",86251
"1278",86252
"1279",86253
"1280",86419
"1281",86457
"1282",86494
"1283",86753
"1284",86906
"1285",86922
"1286",86994
"1287",86995
"1288",86996
"1289",87497
"1290",87915
"1291",87956
"1292",87996
"1293",88000
"1294",88395
"1295",88496
"1296",88895
"1297",88998
"1298",89499
"1299",89835
"1300",89882
"1301",89893
"1302",89894
"1303",90410
"1304",90415
"1305",90417
"1306",90420
"1307",90421
"1308",90424
"1309",90994
"1310",91337
"1311",91413
"1312",91417
"1313",91447
"1314",91496
"1315",91832
"1316",91909
"1317",91917
"1318",91918
"1319",91942
"1320",91994
"1321",91996
"1322",91998
"1323",92335
"1324",92408
"1325",92499
"1326",92833
"1327",92839
"1328",92906
"1329",92908
"1330",93396
"1331",93407
"1332",93408
"1333",93411
"1334",93823
"1335",93832
"1336",93838
"1337",93948
"1338",94315
"1339",94325
"1340",94334
"1341",94337
"1342",94447
"1343",94823
"1344",94830
"1345",95314
"1346",95315
"1347",95319
"1348",95330
"1349",95806
"1350",95807
"1351",95810
"1352",96316
"1353",96317
"1354",96327
"1355",96332
"1356",96803
"1357",96805
"1358",96812
"1359",96816
"1360",96829
"1361",96830
"1362",97804
"1363",97806
"1364",97810
"1365",97813
"1366",97823
"1367",98313
"1368",98797
"1369",98804
"1370",98811
"1371",98817
"1372",99293
"1373",99295
"1374",99297
"1375",99298
"1376",99305
"1377",99312
"1378",99793
"1379",99796
"1380",99798
"1381",99805
"1382",99810
"1383",99812
"1384",99815
"1385",100294
"1386",100295
"1387",100298
"1388",100300
"1389",100314
"1390",100797
"1391",100798
"1392",100802
"1393",100812
"1394",101294
"1395",101295
"1396",101297
"1397",101299
"1398",101301
"1399",101792
"1400",101797
"1401",102298
"1402",102309
"1403",102808
"1404",104305
"1405",105309
"1406",106452
"1407",106808
"1408",108452
"1409",108455
"1410",108456
"1411",108957
"1412",108958
"1413",109401
"1414",109450
"1415",109454
"1416",109957
"1417",110451
"1418",110452
"1419",110454
"1420",110455
"1421",110456
"1422",110457
"1423",110952
"1424",110955
"1425",111955
"1426",112913
"1427",112915
"1428",112916
"1429",112927
"1430",113396
"1431",113414
"1432",113426
"1433",113427
"1434",113916
"1435",113920
"1436",114399
"1437",114420
"1438",115912
"1439",115923
"1440",115924
"1441",116412
"1442",116912
"1443",117422
"1444",117897
"1445",117915
"1446",118413
"1447",118423
"1448",118897
"1449",118920
"1450",118922
"1451",118923
"1452",118924
"1453",119419
"1454",119425
"1455",119896
"1456",119917
"1457",119956
"1458",119961
"1459",119962
"1460",119976
"1461",120351
"1462",120352
"1463",120353
"1464",120362
"1465",120476
"1466",120851
"1467",120852
"1468",120853
"1469",120854
"1470",120855
"1471",120860
"1472",120861
"1473",120919
"1474",120949
"1475",120950
"1476",120952
"1477",120956
"1478",120970
"1479",121350
"1480",121354
"1481",121355
"1482",121358
"1483",121449
"1484",121454
"1485",121457
"1486",121463
"1487",121468
"1488",121471
"1489",121851
"1490",121852
"1491",121853
"1492",121855
"1493",121950
"1494",121957
"1495",121969
"1496",121974
"1497",122355
"1498",122424
"1499",122452
"1500",122453
"1501",122456
"1502",122461
"1503",122464
"1504",122917
"1505",122949
"1506",122951
"1507",122952
"1508",122960
"1509",122964
"1510",122974
"1511",122975
"1512",123354
"1513",123359
"1514",123416
"1515",123449
"1516",123458
"1517",123459
"1518",123462
"1519",123464
"1520",123490
"1521",123853
"1522",123858
"1523",123859
"1524",123919
"1525",123922
"1526",123951
"1527",123953
"1528",123957
"1529",123958
"1530",123960
"1531",123964
"1532",123968
"1533",123970
"1534",123982
"1535",123983
"1536",123984
"1537",123990
"1538",124423
"1539",124452
"1540",124454
"1541",124474
"1542",124476
"1543",124481
"1544",124856
"1545",124858
"1546",124915
"1547",124921
"1548",124922
"1549",124948
"1550",124951
"1551",124959
"1552",124961
"1553",124964
"1554",124972
"1555",124973
"1556",124975
"1557",124984
"1558",124985
"1559",124986
"1560",125000
"1561",125354
"1562",125422
"1563",125450
"1564",125451
"1565",125453
"1566",125455
"1567",125466
"1568",125497
"1569",125498
"1570",125500
"1571",125853
"1572",125921
"1573",125922
"1574",125948
"1575",125950
"1576",125952
"1577",125975
"1578",125978
"1579",125989
"1580",126354
"1581",126355
"1582",126422
"1583",126453
"1584",126456
"1585",126457
"1586",126462
"1587",126466
"1588",126470
"1589",126471
"1590",126473
"1591",126474
"1592",126500
"1593",126852
"1594",126920
"1595",126921
"1596",126952
"1597",126970
"1598",126972
"1599",126997
"1600",127000
"1601",127456
"1602",127458
"1603",127472
"1604",127484
"1605",127490
"1606",127499
"1607",127500
"1608",127953
"1609",127955
"1610",127958
"1611",127960
"1612",127972
"1613",127981
"1614",127999
"1615",128000
"1616",128451
"1617",128460
"1618",128496
"1619",128498
"1620",128947
"1621",128949
"1622",128951
"1623",128960
"1624",128996
"1625",128997
"1626",128998
"1627",129000
"1628",129446
"1629",129453
"1630",129478
"1631",129480
"1632",129953
"1633",129978
"1634",129980
"1635",129996
"1636",129998
"1637",130430
"1638",130478
"1639",130488
"1640",130886
"1641",130977
"1642",130996
"1643",130998
"1644",131456
"1645",131476
"1646",131496
"1647",131497
"1648",131971
"1649",132000
"1650",132475
"1651",132477
"1652",132498
"1653",132970
"1654",132973
"1655",132987
"1656",132996
"1657",133468
"1658",133470
"1659",133472
"1660",133474
"1661",133477
"1662",133486
"1663",133489
"1664",133500
"1665",133970
"1666",133971
"1667",133974
"1668",133980
"1669",133989
"1670",133998
"1671",134469
"1672",134473
"1673",134474
"1674",134475
"1675",134479
"1676",134487
"1677",134498
"1678",134500
"1679",134973
"1680",134975
"1681",134976
"1682",134985
"1683",134990
"1684",134991
"1685",134992
"1686",135473
"1687",135474
"1688",135476
"1689",135481
"1690",135482
"1691",135486
"1692",135487
"1693",135489
"1694",135490
"1695",135968
"1696",135975
"1697",135981
"1698",135982
"1699",135984
"1700",135986
"1701",136469
"1702",136473
"1703",136475
"1704",136482
"1705",136970
"1706",136971
"1707",136977
"1708",136982
"1709",137474
"1710",137478
"1711",137960
"1712",137964
"1713",137975
"1714",137977
"1715",138375
"1716",138385
"1717",138456
"1718",138461
"1719",138494
"1720",138883
"1721",138886
"1722",138959
"1723",138991
"1724",138992
"1725",138994
"1726",138997
"1727",138999
"1728",139373
"1729",139383
"1730",139457
"1731",139463
"1732",139491
"1733",139492
"1734",139883
"1735",139884
"1736",139886
"1737",139962
"1738",139969
"1739",139998
"1740",140383
"1741",140467
"1742",140491
"1743",140493
"1744",140990
"1745",140995
"1746",140996
"1747",141494
"1748",141496
"1749",141497
"1750",141991
"1751",141992
"1752",141995
"1753",141996
"1754",142383
"1755",142491
"1756",142492
"1757",142495
"1758",142496
"1759",142499
"1760",142989
"1761",142990
"1762",142991
"1763",142996
"1764",142999
"1765",143498
"1766",143971
"1767",143988
"1768",143989
"1769",143993
"1770",144473
"1771",144488
"1772",144489
"1773",144490
"1774",144495
"1775",144500
"1776",144879
"1777",144882
"1778",144969
"1779",144976
"1780",144987
"1781",144988
"1782",144993
"1783",144995
"1784",144996
"1785",145467
"1786",145477
"1787",145486
"1788",145492
"1789",145495
"1790",145499
"1791",145977
"1792",145987
"1793",145989
"1794",145991
"1795",145992
"1796",145993
"1797",145994
"1798",145996
"1799",146000
"1800",146465
"1801",146468
"1802",146487
"1803",146490
"1804",146496
"1805",146962
"1806",146965
"1807",146986
"1808",146989
"1809",146992
"1810",146993
"1811",146997
"1812",146998
"1813",147487
"1814",147489
"1815",147495
"1816",147995
"1817",148000
"1818",148493
"1819",148494
"1820",148495
"1821",148498
"1822",148996
"1823",148998
"1824",148999
"1825",149486
"1826",149499
"1827",149978
"1828",149984
"1829",150477
"1830",150480
"1831",150485
"1832",150568
"1833",151480
"1834",151482
"1835",151483
"1836",151485
"1837",151981
"1838",151988
"1839",152062
"1840",152074
"1841",152479
"1842",152563
"1843",153562
"1844",153981
"1845",154065
"1846",154067
"1847",154573
"1848",154574
"1849",155481
"1850",155570
"1851",155575
"1852",156061
"1853",156062
"1854",156069
"1855",156483
"1856",157066
"1857",157481
"1858",157979
"1859",157980
"1860",158568
"1861",158569
"1862",160065
"1863",160069
"1864",160070
"1865",160571
"1866",161064
"1867",161563
"1868",161569
"1869",162473
"1870",162946
"1871",162948
"1872",162968
"1873",163452
"1874",163455
"1875",163568
"1876",163948
"1877",163951
"1878",163953
"1879",163955
"1880",163957
"1881",163972
"1882",164445
"1883",164447
"1884",164448
"1885",164451
"1886",164453
"1887",164471
"1888",164472
"1889",164565
"1890",164946
"1891",164947
"1892",164949
"1893",164952
"1894",164954
"1895",164956
"1896",164957
"1897",164971
"1898",165064
"1899",165447
"1900",165449
"1901",165450
"1902",165451
"1903",165454
"1904",165455
"1905",165951
"1906",165971
"1907",166062
"1908",166440
"1909",166448
"1910",166450
"1911",166457
"1912",166470
"1913",166940
"1914",166949
"1915",166953
"1916",166969
"1917",166970
"1918",167454
"1919",167456
"1920",167457
"1921",167468
"1922",167469
"1923",167940
"1924",167941
"1925",167947
"1926",167951
"1927",167952
"1928",167953
"1929",167955
"1930",168441
"1931",168449
"1932",168451
"1933",168452
"1934",168453
"1935",168456
"1936",168457
"1937",168467
"1938",168967
"1939",169443
"1940",169937
"1941",169942
"1942",170438
"1943",170440
"1944",170444
"1945",170940
"1946",170943
"1947",171438
"1948",171439
"1949",171441
"1950",171443
"1951",171937
"1952",171940
"1953",171942
"1954",171945
"1955",172438
"1956",172439
"1957",173438
"1958",173442
"1959",173444
"1960",173941
"1961",173946
"1962",174439
"1963",174440
"1964",174446
"1965",174941
"1966",174945
"1967",175437
"1968",175444
"1969",175445
"1970",175937
"1971",175939
"1972",175942
"1973",175945
"1974",175946
"1975",176433
"1976",176437
"1977",176438
"1978",176439
"1979",176442
"1980",176445
"1981",176940
"1982",176941
"1983",177436
"1984",177437
"1985",177438
"1986",177439
"1987",177441
"1988",177940
"1989",177941
"1990",177943
"1991",177944
"1992",178438
"1993",178442
"1994",178939
"1995",178945
"1996",179441
"1997",179444
"1998",179446
"1999",179944
"2000",179949
"2001",180438
"2002",180439
"2003",180448
"2004",180932
"2005",180939
"2006",180945
"2007",180946
"2008",180954
"2009",184425
"2010",185428
"2011",185926
"2012",187395
"2013",187896
"2014",187897
"2015",187898
"2016",188422
"2017",188893
"2018",188916
"2019",188919
"2020",189392
"2021",189397
"2022",189415
"2023",189919
"2024",190416
"2025",191390
"2026",191396
"2027",191891
"2028",191892
"2029",192391
"2030",192887
"2031",193920
"2032",194922
"2033",198913
"2034",221817
"2035",223317
"2036",223816
"2037",223975
"2038",223980
"2039",224312
"2040",224315
"2041",224316
"2042",224318
"2043",224477
"2044",224478
"2045",224482
"2046",224813
"2047",224818
"2048",224820
"2049",224978
"2050",224980
"2051",225317
"2052",225479
"2053",225480
"2054",225812
"2055",225818
"2056",225978
"2057",225979
"2058",226314
"2059",226316
"2060",226478
"2061",226480
"2062",226814
"2063",226979
"2064",227311
"2065",227316
"2066",227817
"2067",228317
"2068",228318
"2069",228319
"2070",228321
"2071",228479
"2072",228481
"2073",228816
"2074",228820
"2075",228821
"2076",228980
"2077",229481
"2078",229818
"2079",229980
"2080",230318
"2081",230481
"2082",230980
"2083",231480
"2084",231809
"2085",231810
"2086",231896
"2087",232309
"2088",232806
"2089",232812
"2090",232816
"2091",232847
"2092",232849
"2093",233810
"2094",233812
"2095",233813
"2096",233815
"2097",233816
"2098",233845
"2099",233846
"2100",233847
"2101",234305
"2102",234306
"2103",234347
"2104",234397
"2105",234808
"2106",234812
"2107",234844
"2108",235306
"2109",235309
"2110",235348
"2111",235395
"2112",235806
"2113",236394
"2114",236397
"2115",236803
"2116",236804
"2117",236805
"2118",236850
"2119",237349
"2120",237394
"2121",237395
"2122",237398
"2123",237849
"2124",237899
"2125",239349
